,Sensor 0,Sensor 1,Sensor 2,Sensor 3,Sensor 4,Sensor 5,Sensor 6,Sensor 7,Gyro 0,Gyro 1,Gyro 2,Orientation 0,Orientation 1,Orientation 2,Orientation 3
0,421,213,513,446,269,345,1089,484,-3,-3,-10,8228,2782,-11845,-7260
1,165,73,300,238,107,131,865,218,-3,-3,-10,8228,2782,-11845,-7260
2,165,73,300,238,107,131,865,218,45,52,-30,8228,2797,-11842,-7258
3,100,96,232,140,83,73,400,112,45,52,-30,8228,2797,-11842,-7258
4,100,96,232,140,83,73,400,112,93,86,-18,8231,2818,-11844,-7245
5,91,89,195,127,74,70,325,95,93,86,-18,8231,2818,-11844,-7245
6,91,89,195,127,74,70,325,95,109,89,46,8234,2834,-11852,-7221
7,68,84,165,101,56,48,183,71,109,89,46,8234,2834,-11852,-7221
8,68,84,165,101,56,48,183,71,33,80,106,8247,2829,-11858,-7197
9,53,90,160,77,53,55,115,49,33,80,106,8247,2829,-11858,-7197
10,53,90,160,77,53,55,115,49,-22,57,141,8266,2809,-11862,-7177
11,51,92,197,61,43,59,72,37,-22,57,141,8266,2809,-11862,-7177
12,51,92,197,61,43,59,72,37,-35,12,133,8284,2782,-11866,-7161
13,43,71,214,61,42,64,54,29,-35,12,133,8284,2782,-11866,-7161
14,43,71,214,61,42,64,54,29,3,-44,92,8291,2760,-11874,-7148
15,38,72,227,61,39,65,55,30,3,-44,92,8291,2760,-11874,-7148
16,38,72,227,61,39,65,55,30,37,-61,3,8284,2756,-11882,-7144
17,42,79,260,61,62,84,69,39,37,-61,3,8284,2756,-11882,-7144
18,42,79,260,61,62,84,69,39,34,-61,-60,8267,2767,-11888,-7150
19,47,74,252,54,65,78,73,40,34,-61,-60,8267,2767,-11888,-7150
20,47,74,252,54,65,78,73,40,28,-33,-107,8247,2789,-11889,-7163
21,43,65,217,48,66,83,72,39,28,-33,-107,8247,2789,-11889,-7163
22,43,65,217,48,66,83,72,39,37,-1,-133,8222,2823,-11888,-7179
23,43,63,197,45,68,82,70,39,37,-1,-133,8222,2823,-11888,-7179
24,43,63,197,45,68,82,70,39,7,31,-151,8202,2858,-11883,-7197
25,45,72,184,48,79,84,75,39,7,31,-151,8202,2858,-11883,-7197
26,45,72,184,48,79,84,75,39,51,84,-151,8190,2899,-11877,-7205
27,46,67,135,47,70,72,72,29,51,84,-151,8190,2899,-11877,-7205
28,46,67,135,47,70,72,72,29,63,133,-120,8190,2935,-11867,-7206
29,40,69,146,45,70,82,69,29,63,133,-120,8190,2935,-11867,-7206
30,40,69,146,45,70,82,69,29,86,162,-96,8202,2968,-11855,-7198
31,42,74,136,45,70,78,71,31,86,162,-96,8202,2968,-11855,-7198
32,42,74,136,45,70,78,71,31,92,143,-67,8217,2993,-11845,-7188
33,44,78,130,44,71,77,72,30,92,143,-67,8217,2993,-11845,-7188
34,44,78,130,44,71,77,72,30,53,114,-46,8236,3006,-11831,-7183
35,45,73,136,42,58,75,74,29,53,114,-46,8236,3006,-11831,-7183
36,45,73,136,42,58,75,74,29,25,82,-32,8252,3013,-11820,-7180
37,40,76,154,43,47,71,62,30,25,82,-32,8252,3013,-11820,-7180
38,40,76,154,43,47,71,62,30,-17,57,-24,8263,3016,-11809,-7184
39,43,73,155,41,41,57,59,30,-17,57,-24,8263,3016,-11809,-7184
40,43,73,155,41,41,57,59,30,-43,37,-20,8267,3019,-11802,-7190
41,40,73,164,46,43,51,55,29,-43,37,-20,8267,3019,-11802,-7190
42,40,73,164,46,43,51,55,29,-46,33,-15,8267,3023,-11796,-7199
43,54,94,170,48,46,89,66,36,-46,33,-15,8267,3023,-11796,-7199
44,54,94,170,48,46,89,66,36,-56,32,-15,8264,3030,-11791,-7208
45,58,101,162,47,49,88,56,37,-56,32,-15,8264,3030,-11791,-7208
46,58,101,162,47,49,88,56,37,-28,55,-21,8263,3041,-11786,-7213
47,62,110,170,48,49,86,64,40,-28,55,-21,8263,3041,-11786,-7213
48,62,110,170,48,49,86,64,40,18,73,-21,8264,3057,-11780,-7214
49,64,109,175,48,60,101,67,40,18,73,-21,8264,3057,-11780,-7214
50,64,109,175,48,60,101,67,40,52,79,-10,8265,3076,-11778,-7208
51,65,109,184,58,58,102,72,39,52,79,-10,8265,3076,-11778,-7208
52,65,109,184,58,58,102,72,39,46,90,-1,8272,3092,-11772,-7203
53,65,109,184,58,58,102,72,39,17,82,21,8281,3101,-11765,-7200
54,55,94,192,56,61,69,64,35,17,82,21,8281,3101,-11765,-7200
55,55,94,192,56,61,69,64,35,-22,54,47,8291,3101,-11757,-7201
56,51,85,195,56,57,66,62,40,-22,54,47,8291,3101,-11757,-7201
57,51,85,195,56,57,66,62,40,-43,43,55,8303,3094,-11750,-7202
58,48,68,186,53,56,70,49,36,-43,43,55,8303,3094,-11750,-7202
59,48,68,186,53,56,70,49,36,-58,26,61,8313,3083,-11744,-7205
60,43,72,175,54,51,52,63,36,-58,26,61,8313,3083,-11744,-7205
61,43,72,175,54,51,52,63,36,-65,9,47,8319,3074,-11739,-7210
62,43,75,160,40,50,49,68,36,-65,9,47,8319,3074,-11739,-7210
63,43,75,160,40,50,49,68,36,-71,7,34,8325,3065,-11733,-7217
64,38,72,190,43,42,102,74,36,-71,7,34,8325,3065,-11733,-7217
65,38,72,190,43,42,102,74,36,-60,14,14,8328,3061,-11727,-7225
66,40,68,197,48,59,111,89,33,-60,14,14,8328,3061,-11727,-7225
67,40,68,197,48,59,111,89,33,-52,17,-5,8328,3063,-11721,-7234
68,37,71,184,52,59,110,94,32,-52,17,-5,8328,3063,-11721,-7234
69,37,71,184,52,59,110,94,32,-52,26,-21,8328,3066,-11713,-7245
70,44,73,208,53,56,108,94,32,-52,26,-21,8328,3066,-11713,-7245
71,44,73,208,53,56,108,94,32,-46,31,-30,8327,3074,-11706,-7255
72,47,66,215,54,56,108,91,33,-46,31,-30,8327,3074,-11706,-7255
73,47,66,215,54,56,108,91,33,-52,29,-36,8325,3080,-11698,-7266
74,51,76,186,52,55,64,88,38,-52,29,-36,8325,3080,-11698,-7266
75,51,76,186,52,55,64,88,38,-46,22,-35,8324,3084,-11692,-7275
76,48,79,176,51,42,49,72,39,-46,22,-35,8324,3084,-11692,-7275
77,48,79,176,51,42,49,72,39,-19,43,-33,8325,3093,-11687,-7279
78,48,78,198,57,40,45,65,39,-19,43,-33,8325,3093,-11687,-7279
79,48,78,198,57,40,45,65,39,-37,40,-29,8327,3098,-11680,-7286
80,43,77,185,56,42,44,57,40,-37,40,-29,8327,3098,-11680,-7286
81,43,77,185,56,42,44,57,40,-24,19,-27,8326,3103,-11676,-7291
82,42,96,221,63,43,49,54,37,-24,19,-27,8326,3103,-11676,-7291
83,42,96,221,63,43,49,54,37,-12,12,-26,8323,3109,-11674,-7296
84,40,89,223,62,44,44,48,33,-12,12,-26,8323,3109,-11674,-7296
85,40,89,223,62,44,44,48,33,-27,9,-24,8321,3113,-11670,-7303
86,38,91,223,61,48,76,78,29,-27,9,-24,8321,3113,-11670,-7303
87,38,91,223,61,48,76,78,29,-48,13,-23,8320,3115,-11665,-7311
88,37,91,213,55,60,80,85,30,-48,13,-23,8320,3115,-11665,-7311
89,37,91,213,55,60,80,85,30,-57,17,-16,8322,3114,-11659,-7319
90,38,94,206,54,58,82,84,30,-57,17,-16,8322,3114,-11659,-7319
91,38,94,206,54,58,82,84,30,-34,10,-8,8321,3114,-11656,-7324
92,34,76,158,47,55,82,80,32,-34,10,-8,8321,3114,-11656,-7324
93,34,76,158,47,55,82,80,32,-28,2,-2,8320,3115,-11653,-7330
94,31,71,144,49,57,88,81,29,-28,2,-2,8320,3115,-11653,-7330
95,31,71,144,49,57,88,81,29,-46,5,0,8321,3114,-11647,-7338
96,31,69,149,51,50,59,53,27,-46,5,0,8321,3114,-11647,-7338
97,31,69,149,51,50,59,53,27,-49,0,4,8321,3113,-11642,-7348
98,31,68,143,46,36,54,40,27,-49,0,4,8321,3113,-11642,-7348
99,31,68,143,46,36,54,40,27,-57,-2,5,8321,3111,-11636,-7358
100,29,68,131,46,37,50,32,23,-57,-2,5,8321,3111,-11636,-7358
101,29,68,131,46,37,50,32,23,-62,3,12,8320,3108,-11631,-7367
102,31,66,121,43,41,43,29,22,-62,3,12,8320,3108,-11631,-7367
103,31,66,121,43,41,43,29,22,-39,-7,14,8318,3107,-11629,-7374
104,30,64,108,48,43,30,25,22,-39,-7,14,8318,3107,-11629,-7374
105,30,64,108,48,43,30,25,22,86,-85,22,8299,3113,-11643,-7369
106,30,64,92,175,115,47,30,24,86,-85,22,8299,3113,-11643,-7369
107,30,64,92,175,115,47,30,24,236,-82,-23,8271,3139,-11670,-7348
108,31,67,102,276,164,75,60,25,236,-82,-23,8271,3139,-11670,-7348
109,31,67,102,276,164,75,60,25,-72,-94,-72,8248,3141,-11674,-7367
110,33,62,115,304,186,109,73,26,-72,-94,-72,8248,3141,-11674,-7367
111,33,62,115,304,186,109,73,26,-167,-41,-119,8236,3139,-11662,-7400
112,37,63,172,411,207,135,104,32,-167,-41,-119,8236,3139,-11662,-7400
113,37,63,172,411,207,135,104,32,-277,20,-208,8233,3142,-11628,-7455
114,42,69,228,488,235,153,110,32,-277,20,-208,8233,3142,-11628,-7455
115,42,69,228,488,235,153,110,32,-218,-61,-217,8217,3143,-11609,-7502
116,43,70,246,483,215,173,114,33,-218,-61,-217,8217,3143,-11609,-7502
117,43,70,246,483,215,173,114,33,-199,-71,-252,8194,3151,-11590,-7553
118,44,66,243,438,195,188,114,32,-199,-71,-252,8194,3151,-11590,-7553
119,44,66,243,438,195,188,114,32,-121,-117,-205,8167,3157,-11583,-7591
120,46,66,272,425,183,187,108,31,-121,-117,-205,8167,3157,-11583,-7591
121,46,66,272,425,183,187,108,31,-23,-65,-139,8149,3166,-11582,-7607
122,42,85,267,333,162,202,95,27,-23,-65,-139,8149,3166,-11582,-7607
123,42,85,267,333,162,202,95,27,197,-48,-72,8129,3188,-11603,-7588
124,46,102,273,229,135,265,112,38,197,-48,-72,8129,3188,-11603,-7588
125,46,102,273,229,135,265,112,38,127,-53,41,8119,3192,-11620,-7570
126,65,125,351,190,178,275,163,60,127,-53,41,8119,3192,-11620,-7570
127,65,125,351,190,178,275,163,60,84,-24,114,8123,3181,-11636,-7546
128,70,140,380,182,172,270,162,63,84,-24,114,8123,3181,-11636,-7546
129,70,140,380,182,172,270,162,63,-135,-37,195,8137,3139,-11641,-7540
130,73,151,420,190,172,267,175,77,-135,-37,195,8137,3139,-11641,-7540
131,73,151,420,190,172,267,175,77,-69,33,188,8163,3106,-11641,-7526
132,78,150,443,180,180,250,168,80,-69,33,188,8163,3106,-11641,-7526
133,78,150,443,180,180,250,168,80,-88,21,172,8186,3075,-11639,-7518
134,78,145,431,155,171,177,154,83,-88,21,172,8186,3075,-11639,-7518
135,78,145,431,155,171,177,154,83,-129,36,143,8210,3044,-11629,-7518
136,65,140,390,135,135,140,101,70,-129,36,143,8210,3044,-11629,-7518
137,65,140,390,135,135,140,101,70,-99,9,150,8228,3016,-11625,-7517
138,60,130,369,133,125,129,88,68,-99,9,150,8228,3016,-11625,-7517
139,60,130,369,133,125,129,88,68,-19,17,109,8241,3001,-11625,-7509
140,58,127,326,108,115,119,59,53,-19,17,109,8241,3001,-11625,-7509
141,58,127,326,108,115,119,59,53,41,31,79,8248,2999,-11628,-7497
142,54,123,287,100,99,108,57,51,41,31,79,8248,2999,-11628,-7497
143,54,123,287,100,99,108,57,51,46,-11,107,8250,2994,-11636,-7485
144,55,124,357,93,94,93,55,40,46,-11,107,8250,2994,-11636,-7485
145,55,124,357,93,94,93,55,40,-25,-19,120,8253,2981,-11639,-7482
146,54,110,337,83,70,87,49,40,-25,-19,120,8253,2981,-11639,-7482
147,54,110,337,83,70,87,49,40,-46,-42,131,8259,2960,-11640,-7481
148,57,112,348,89,73,88,85,40,-46,-42,131,8259,2960,-11640,-7481
149,57,112,348,89,73,88,85,40,13,-44,136,8262,2943,-11649,-7471
150,57,100,335,96,75,80,88,41,13,-44,136,8262,2943,-11649,-7471
151,57,100,335,96,75,80,88,41,-24,-30,137,8268,2925,-11653,-7466
152,53,96,384,101,73,84,98,40,-24,-30,137,8268,2925,-11653,-7466
153,53,96,384,101,73,84,98,40,-40,-13,119,8274,2907,-11657,-7460
154,55,94,311,97,76,85,99,40,-40,-13,119,8274,2907,-11657,-7460
155,55,94,311,97,76,85,99,40,-30,-11,98,8279,2892,-11661,-7454
156,64,101,300,98,75,101,129,43,-30,-11,98,8279,2892,-11661,-7454
157,64,101,300,98,75,101,129,43,-43,4,66,8283,2883,-11661,-7453
158,61,95,277,92,65,84,113,42,-43,4,66,8283,2883,-11661,-7453
159,61,95,277,92,65,84,113,42,-51,-10,47,8286,2872,-11660,-7456
160,63,110,280,78,59,86,122,42,-51,-10,47,8286,2872,-11660,-7456
161,63,110,280,78,59,86,122,42,-43,-7,32,8288,2864,-11659,-7458
162,67,114,189,69,60,96,128,46,-43,-7,32,8288,2864,-11659,-7458
163,67,114,189,69,60,96,128,46,-30,4,13,8289,2862,-11658,-7460
164,78,129,194,62,50,93,129,53,-30,4,13,8289,2862,-11658,-7460
165,78,129,194,62,50,93,129,53,-23,-6,13,8286,2861,-11659,-7462
166,80,132,187,60,45,77,98,51,-23,-6,13,8286,2861,-11659,-7462
167,59,120,237,91,59,61,81,46,-23,-6,13,8286,2861,-11659,-7462
168,59,120,237,91,59,61,81,46,-9,1,31,8287,2844,-11654,-7473
169,61,123,220,92,62,77,85,43,-9,1,31,8287,2844,-11654,-7473
170,61,123,220,92,62,77,85,43,-11,10,32,8291,2840,-11653,-7472
171,62,128,219,75,70,80,92,45,-11,10,32,8291,2840,-11653,-7472
172,62,128,219,75,70,80,92,45,-8,8,17,8293,2838,-11653,-7470
173,58,122,201,70,70,78,92,42,-8,8,17,8293,2838,-11653,-7470
174,58,122,201,70,70,78,92,42,-8,13,19,8295,2838,-11653,-7470
175,47,120,204,72,55,69,105,38,-8,13,19,8295,2838,-11653,-7470
176,47,120,204,72,55,69,105,38,-10,14,13,8295,2838,-11653,-7470
177,49,118,211,68,51,70,104,41,-10,14,13,8295,2838,-11653,-7470
178,49,118,211,68,51,70,104,41,0,7,18,8296,2838,-11652,-7470
179,49,116,209,54,60,57,106,42,0,7,18,8296,2838,-11652,-7470
180,49,116,209,54,60,57,106,42,3,7,24,8298,2838,-11651,-7469
181,46,109,218,48,52,53,101,38,3,7,24,8298,2838,-11651,-7469
182,46,109,218,48,52,53,101,38,-41,14,12,8300,2835,-11648,-7472
183,44,107,246,53,62,64,101,42,-41,14,12,8300,2835,-11648,-7472
184,44,107,246,53,62,64,101,42,-16,27,8,8304,2836,-11645,-7473
185,44,98,234,46,63,59,66,37,-16,27,8,8304,2836,-11645,-7473
186,44,98,234,46,63,59,66,37,-2,35,7,8307,2840,-11642,-7472
187,47,109,259,62,70,58,64,35,-2,35,7,8307,2840,-11642,-7472
188,47,109,259,62,70,58,64,35,-10,32,11,8309,2842,-11641,-7471
189,46,103,268,64,59,51,49,35,-10,32,11,8309,2842,-11641,-7471
190,46,103,268,64,59,51,49,35,-6,38,2,8312,2846,-11639,-7469
191,46,96,264,75,57,55,47,35,-6,38,2,8312,2846,-11639,-7469
192,46,96,264,75,57,55,47,35,-2,38,3,8315,2850,-11637,-7468
193,50,96,232,72,54,48,54,33,-2,38,3,8315,2850,-11637,-7468
194,50,96,232,72,54,48,54,33,11,37,-9,8318,2856,-11635,-7465
195,49,94,237,74,57,46,57,34,11,37,-9,8318,2856,-11635,-7465
196,49,94,237,74,57,46,57,34,8,42,-11,8320,2863,-11632,-7464
197,49,86,255,69,50,57,64,38,8,42,-11,8320,2863,-11632,-7464
198,49,86,255,69,50,57,64,38,5,44,-7,8323,2870,-11629,-7463
199,48,98,243,68,53,59,65,40,5,44,-7,8323,2870,-11629,-7463
200,48,98,243,68,53,59,65,40,-9,50,-7,8326,2877,-11625,-7464
201,50,104,233,61,54,56,65,44,-9,50,-7,8326,2877,-11625,-7464
202,50,104,233,61,54,56,65,44,-3,48,-6,8330,2883,-11620,-7464
203,47,104,234,75,53,69,64,46,-3,48,-6,8330,2883,-11620,-7464
204,47,104,234,75,53,69,64,46,3,50,-5,8333,2890,-11617,-7463
205,48,109,245,79,53,73,103,48,3,50,-5,8333,2890,-11617,-7463
206,48,109,245,79,53,73,103,48,0,45,-6,8337,2897,-11612,-7463
207,44,104,214,76,52,66,108,44,0,45,-6,8337,2897,-11612,-7463
208,44,104,214,76,52,66,108,44,6,49,-5,8340,2905,-11609,-7462
209,44,98,211,77,57,78,108,40,6,49,-5,8340,2905,-11609,-7462
210,44,98,211,77,57,78,108,40,0,50,-11,8343,2912,-11604,-7463
211,43,96,198,77,65,79,108,38,0,50,-11,8343,2912,-11604,-7463
212,43,96,198,77,65,79,108,38,-5,48,-17,8347,2919,-11598,-7465
213,46,89,224,66,62,75,121,37,-5,48,-17,8347,2919,-11598,-7465
214,46,89,224,66,62,75,121,37,7,40,-11,8350,2926,-11595,-7464
215,46,81,231,61,59,72,93,32,7,40,-11,8350,2926,-11595,-7464
216,46,81,231,61,59,72,93,32,22,38,-13,8351,2936,-11593,-7463
217,47,89,217,58,60,78,85,33,22,38,-13,8351,2936,-11593,-7463
218,47,89,217,58,60,78,85,33,-5,34,-11,8352,2942,-11590,-7464
219,44,92,248,63,54,67,87,33,-5,34,-11,8352,2942,-11590,-7464
220,44,92,248,63,54,67,87,33,-2,32,-10,8353,2948,-11588,-7464
221,43,89,247,58,50,68,90,33,-2,32,-10,8353,2948,-11588,-7464
222,43,89,247,58,50,68,90,33,-1,27,-6,8354,2952,-11586,-7464
223,36,94,233,52,58,63,77,31,-1,27,-6,8354,2952,-11586,-7464
224,36,94,233,52,58,63,77,31,10,21,-9,8353,2958,-11585,-7464
225,40,95,249,55,56,62,73,30,10,21,-9,8353,2958,-11585,-7464
226,40,95,249,55,56,62,73,30,7,11,-3,8352,2959,-11585,-7464
227,43,101,245,53,58,73,96,40,7,11,-3,8352,2959,-11585,-7464
228,43,101,245,53,58,73,96,40,0,9,-3,8352,2959,-11585,-7464
229,45,96,235,47,57,77,100,41,0,9,-3,8352,2959,-11585,-7464
230,45,96,235,47,57,77,100,41,4,15,-4,8352,2960,-11585,-7464
231,47,97,244,51,59,82,109,41,4,15,-4,8352,2960,-11585,-7464
232,47,97,244,51,59,82,109,41,12,14,-2,8351,2960,-11586,-7464
233,52,100,245,54,49,77,102,39,12,14,-2,8351,2960,-11586,-7464
234,52,100,245,54,49,77,102,39,20,13,4,8349,2965,-11588,-7460
235,52,108,221,53,57,85,122,40,20,13,4,8349,2965,-11588,-7460
236,52,108,221,53,57,85,122,40,11,5,11,8348,2966,-11588,-7461
237,53,109,248,57,53,79,119,29,11,5,11,8348,2966,-11588,-7461
238,53,109,248,57,53,79,119,29,16,1,13,8347,2968,-11590,-7459
239,52,119,262,61,53,77,117,26,16,1,13,8347,2968,-11590,-7459
240,52,119,262,61,53,77,117,26,3,4,14,8347,2969,-11590,-7459
241,62,140,252,61,51,83,110,30,3,4,14,8347,2969,-11590,-7459
242,62,140,252,61,51,83,110,30,4,2,14,8346,2969,-11590,-7459
243,59,134,283,68,58,91,119,31,4,2,14,8346,2969,-11590,-7459
244,59,134,283,68,58,91,119,31,2,-6,10,8346,2969,-11590,-7459
245,60,137,281,68,50,83,97,32,2,-6,10,8346,2969,-11590,-7459
246,60,137,281,68,50,83,97,32,-7,-10,-6,8346,2970,-11590,-7460
247,60,131,254,63,51,83,95,36,-7,-10,-6,8346,2970,-11590,-7460
248,60,131,254,63,51,83,95,36,-15,-30,-32,8342,2971,-11585,-7471
249,65,129,220,59,54,84,101,44,-15,-30,-32,8342,2971,-11585,-7471
250,65,129,220,59,54,84,101,44,2,-43,-57,8334,2977,-11581,-7484
251,72,110,230,57,53,74,105,52,2,-43,-57,8334,2977,-11581,-7484
252,72,110,230,57,53,74,105,52,39,-30,-71,8323,2992,-11578,-7495
253,74,116,168,53,44,81,101,58,39,-30,-71,8323,2992,-11578,-7495
254,74,116,168,53,44,81,101,58,-8,-17,-54,8316,3000,-11573,-7507
255,69,104,145,51,46,84,106,58,-8,-17,-54,8316,3000,-11573,-7507
256,69,104,145,51,46,84,106,58,-61,-9,-28,8317,2999,-11561,-7525
257,84,102,149,53,65,84,130,71,-61,-9,-28,8317,2999,-11561,-7525
258,84,102,149,53,65,84,130,71,-60,-13,-21,8320,2996,-11547,-7544
259,90,103,166,58,72,98,128,70,-60,-13,-21,8320,2996,-11547,-7544
260,90,103,166,58,72,98,128,70,-72,-23,-39,8324,2994,-11527,-7571
261,81,98,151,70,74,120,130,65,-72,-23,-39,8324,2994,-11527,-7571
262,81,98,151,70,74,120,130,65,-113,29,-102,8331,3004,-11492,-7613
263,103,128,185,95,91,127,150,83,-113,29,-102,8331,3004,-11492,-7613
264,103,128,185,95,91,127,150,83,-182,80,-184,8334,3026,-11444,-7672
265,114,136,222,102,101,139,175,91,-182,80,-184,8334,3026,-11444,-7672
266,114,136,222,102,101,139,175,91,-246,128,-325,8335,3060,-11385,-7744
267,105,147,236,104,105,137,164,86,-246,128,-325,8335,3060,-11385,-7744
268,105,147,236,104,105,137,164,86,-269,142,-515,8323,3115,-11316,-7836
269,107,145,235,109,103,134,166,88,-269,142,-515,8323,3115,-11316,-7836
270,107,145,235,109,103,134,166,88,-346,165,-742,8299,3190,-11232,-7952
271,120,153,240,113,110,130,163,95,-346,165,-742,8299,3190,-11232,-7952
272,120,153,240,113,110,130,163,95,-430,188,-955,8261,3282,-11133,-8093
273,137,179,234,97,105,119,145,116,-430,188,-955,8261,3282,-11133,-8093
274,137,179,234,97,105,119,145,116,-468,201,-1138,8212,3386,-11025,-8245
275,145,187,222,109,96,106,111,119,-468,201,-1138,8212,3386,-11025,-8245
276,145,187,222,109,96,106,111,119,-495,206,-1339,8145,3513,-10902,-8421
277,153,185,260,116,83,104,101,123,-495,206,-1339,8145,3513,-10902,-8421
278,153,185,260,116,83,104,101,123,-578,231,-1524,8064,3658,-10752,-8627
279,165,232,304,128,76,93,92,124,-578,231,-1524,8064,3658,-10752,-8627
280,165,232,304,128,76,93,92,124,-798,219,-1706,7961,3808,-10582,-8865
281,162,234,319,136,61,66,98,121,-798,219,-1706,7961,3808,-10582,-8865
282,162,234,319,136,61,66,98,121,-1011,180,-1895,7838,3958,-10381,-9142
283,149,211,346,142,51,58,90,90,-1011,180,-1895,7838,3958,-10381,-9142
284,149,211,346,142,51,58,90,90,-1240,122,-2091,7694,4102,-10148,-9458
285,137,219,352,134,51,52,87,84,-1240,122,-2091,7694,4102,-10148,-9458
286,137,219,352,134,51,52,87,84,-1356,73,-2323,7517,4255,-9890,-9799
287,130,217,317,130,54,47,70,71,-1356,73,-2323,7517,4255,-9890,-9799
288,130,217,317,130,54,47,70,71,-1399,40,-2530,7309,4420,-9613,-10153
289,116,177,278,187,57,48,66,65,-1399,40,-2530,7309,4420,-9613,-10153
290,116,177,278,187,57,48,66,65,-1568,110,-2683,7091,4591,-9296,-10520
291,117,175,264,216,56,45,45,62,-1568,110,-2683,7091,4591,-9296,-10520
292,117,175,264,216,56,45,45,62,-1702,157,-2747,6868,4759,-8947,-10889
293,102,173,221,233,56,41,39,51,-1702,157,-2747,6868,4759,-8947,-10889
294,102,173,221,233,56,41,39,51,-1936,120,-2766,6643,4900,-8561,-11270
295,106,155,197,337,91,43,36,45,-1936,120,-2766,6643,4900,-8561,-11270
296,106,155,197,337,91,43,36,45,-2196,42,-2798,6413,5008,-8134,-11665
297,101,151,189,353,88,41,34,45,-2196,42,-2798,6413,5008,-8134,-11665
298,101,151,189,353,88,41,34,45,-2543,-11,-2725,6197,5070,-7659,-12070
299,95,149,226,390,103,37,34,47,-2543,-11,-2725,6197,5070,-7659,-12070
300,95,149,226,390,103,37,34,47,-2819,-34,-2590,6004,5088,-7146,-12468
301,101,150,222,386,109,37,39,47,-2819,-34,-2590,6004,5088,-7146,-12468
302,101,150,222,386,109,37,39,47,-3138,-120,-2487,5825,5057,-6592,-12864
303,101,142,250,388,111,38,46,47,-3138,-120,-2487,5825,5057,-6592,-12864
304,101,142,250,388,111,38,46,47,-3358,-202,-2411,5654,4984,-6007,-13250
305,100,140,249,318,90,83,65,48,-3358,-202,-2411,5654,4984,-6007,-13250
306,100,140,249,318,90,83,65,48,-3676,-211,-2329,5498,4876,-5370,-13623
307,109,142,268,298,94,106,100,54,-3676,-211,-2329,5498,4876,-5370,-13623
308,109,142,268,298,94,106,100,54,-3919,-185,-2153,5371,4738,-4694,-13968
309,105,126,222,206,132,171,119,58,-3919,-185,-2153,5371,4738,-4694,-13968
310,105,126,222,206,132,171,119,58,-3960,-147,-1949,5267,4583,-4012,-14269
311,83,109,220,180,164,196,152,66,-3960,-147,-1949,5267,4583,-4012,-14269
312,83,109,220,180,164,196,152,66,-4158,-47,-1909,5172,4421,-3289,-14537
313,80,94,178,141,175,223,154,70,-4158,-47,-1909,5172,4421,-3289,-14537
314,80,94,178,141,175,223,154,70,-4345,32,-1861,5083,4248,-2525,-14771
315,70,85,185,100,192,226,155,66,-4345,32,-1861,5083,4248,-2525,-14771
316,70,85,185,100,192,226,155,66,-4314,159,-1801,4994,4083,-1752,-14959
317,57,79,162,102,235,244,167,65,-4314,159,-1801,4994,4083,-1752,-14959
318,57,79,162,102,235,244,167,65,-4219,315,-1757,4898,3939,-983,-15099
319,50,71,157,89,252,225,159,60,-4219,315,-1757,4898,3939,-983,-15099
320,50,71,157,89,252,225,159,60,-4125,421,-1666,4801,3808,-220,-15193
321,49,68,149,86,253,241,134,47,-4125,421,-1666,4801,3808,-220,-15193
322,49,68,149,86,253,241,134,47,-3956,525,-1559,4704,3693,524,-15245
323,41,59,136,99,311,247,300,42,-3956,525,-1559,4704,3693,524,-15245
324,41,59,136,99,311,247,300,42,-3785,651,-1501,4598,3599,1246,-15258
325,35,50,115,132,321,266,317,52,-3785,651,-1501,4598,3599,1246,-15258
326,35,50,115,132,321,266,317,52,-3693,756,-1453,4487,3520,1954,-15235
327,35,39,120,179,329,272,328,57,-3693,756,-1453,4487,3520,1954,-15235
328,35,39,120,179,329,272,328,57,-3540,835,-1300,4385,3460,2634,-15176
329,36,36,134,202,369,276,379,74,-3540,835,-1300,4385,3460,2634,-15176
330,36,36,134,202,369,276,379,74,-3257,889,-1181,4281,3420,3270,-15091
331,47,46,150,219,393,262,435,88,-3257,889,-1181,4281,3420,3270,-15091
332,47,46,150,219,393,262,435,88,-2854,866,-1140,4164,3392,3833,-14997
333,57,55,191,277,505,268,477,126,-2854,866,-1140,4164,3392,3833,-14997
334,57,55,191,277,505,268,477,126,-2436,831,-1194,4022,3375,4319,-14907
335,73,67,217,291,630,343,563,183,-2436,831,-1194,4022,3375,4319,-14907
336,73,67,217,291,630,343,563,183,-2397,727,-1313,3861,3333,4794,-14813
337,81,75,244,357,770,368,589,234,-2397,727,-1313,3861,3333,4794,-14813
338,81,75,244,357,770,368,589,234,-2475,489,-1241,3720,3248,5273,-14705
339,100,107,293,478,883,475,610,254,-2475,489,-1241,3720,3248,5273,-14705
340,100,107,293,478,883,475,610,254,-2266,346,-1150,3588,3149,5716,-14594
341,103,111,306,550,947,527,617,267,-2266,346,-1150,3588,3149,5716,-14594
342,103,111,306,550,947,527,617,267,-2092,216,-1369,3419,3023,6141,-14488
343,112,122,319,563,1015,576,569,264,-2092,216,-1369,3419,3023,6141,-14488
344,112,122,319,563,1015,576,569,264,-1442,168,-1287,3225,2964,6580,-14351
345,110,125,367,698,1042,590,638,276,-1442,168,-1287,3225,2964,6580,-14351
346,110,125,367,698,1042,590,638,276,-1288,363,-1052,3023,2903,7010,-14203
347,109,126,356,731,1024,578,653,243,-1288,363,-1052,3023,2903,7010,-14203
348,109,126,356,731,1024,578,653,243,-735,553,-860,2804,2865,7339,-14089
349,102,107,337,704,983,534,729,294,-735,553,-860,2804,2865,7339,-14089
350,102,107,337,704,983,534,729,294,245,472,-726,2595,2866,7484,-14053
351,107,105,323,668,961,547,747,322,245,472,-726,2595,2866,7484,-14053
352,107,105,323,668,961,547,747,322,728,466,-484,2422,2914,7522,-14053
353,96,94,306,651,880,497,754,324,728,466,-484,2422,2914,7522,-14053
354,96,94,306,651,880,497,754,324,1129,454,-114,2292,2997,7487,-14076
355,90,84,230,490,774,448,667,300,1129,454,-114,2292,2997,7487,-14076
356,90,84,230,490,774,448,667,300,1726,464,329,2236,3134,7256,-14176
357,86,80,209,382,672,435,656,302,1726,464,329,2236,3134,7256,-14176
358,86,80,209,382,672,435,656,302,2526,444,696,2209,3315,6884,-14324
359,81,87,174,289,554,382,534,247,2526,444,696,2209,3315,6884,-14324
360,81,87,174,289,554,382,534,247,3345,459,1007,2197,3536,6369,-14510
361,71,100,218,239,461,278,474,241,3345,459,1007,2197,3536,6369,-14510
362,71,100,218,239,461,278,474,241,4240,616,1459,2205,3831,5691,-14714
363,69,102,205,197,310,248,417,238,4240,616,1459,2205,3831,5691,-14714
364,69,102,205,197,310,248,417,238,5140,629,1984,2256,4174,4822,-14923
365,68,110,210,187,256,197,363,223,5140,629,1984,2256,4174,4822,-14923
366,68,110,210,187,256,197,363,223,5661,657,2308,2329,4532,3818,-15096
367,66,109,221,160,192,221,357,221,5661,657,2308,2329,4532,3818,-15096
368,66,109,221,160,192,221,357,221,6391,759,2929,2461,4930,2620,-15206
369,58,98,218,153,192,256,361,296,6391,759,2929,2461,4930,2620,-15206
370,58,98,218,153,192,256,361,296,6551,1156,3737,2702,5393,1317,-15176
371,117,89,170,169,203,311,381,454,6551,1156,3737,2702,5393,1317,-15176
372,117,89,170,169,203,311,381,454,6283,1685,4276,3005,5898,74,-14987
373,149,80,156,195,294,375,533,754,6283,1685,4276,3005,5898,74,-14987
374,149,80,156,195,294,375,533,754,6188,2059,4862,3387,6416,-1178,-14643
375,214,112,160,268,435,465,640,878,6188,2059,4862,3387,6416,-1178,-14643
376,214,112,160,268,435,465,640,878,6081,2514,5635,3876,6939,-2440,-14118
377,246,130,176,324,546,703,687,1011,6081,2514,5635,3876,6939,-2440,-14118
378,246,130,176,324,546,703,687,1011,5246,2957,6095,4477,7422,-3569,-13438
379,253,152,201,417,747,890,788,1041,5246,2957,6095,4477,7422,-3569,-13438
380,253,152,201,417,747,890,788,1041,4581,3159,6444,5152,7824,-4588,-12635
381,280,266,281,432,946,1065,818,993,4581,3159,6444,5152,7824,-4588,-12635
382,280,266,281,432,946,1065,818,993,6070,3030,7256,5751,8172,-5840,-11597
383,387,456,530,615,1037,1317,837,874,6070,3030,7256,5751,8172,-5840,-11597
384,387,456,530,615,1037,1317,837,874,5760,3024,6945,6275,8428,-6960,-10468
385,607,622,654,854,1170,1437,822,904,5760,3024,6945,6275,8428,-6960,-10468
386,607,622,654,854,1170,1437,822,904,4238,2022,5420,6638,8512,-7780,-9560
387,713,735,753,994,1258,1400,908,835,4238,2022,5420,6638,8512,-7780,-9560
388,713,735,753,994,1258,1400,908,835,312,715,1269,6801,8500,-7878,-9374
389,742,872,845,1096,1260,1418,964,870,312,715,1269,6801,8500,-7878,-9374
390,742,872,845,1096,1260,1418,964,870,-1161,352,3637,7309,8128,-8085,-9143
391,857,1048,1026,1131,1193,1352,1020,963,-1161,352,3637,7309,8128,-8085,-9143
392,857,1048,1026,1131,1193,1352,1020,963,-1182,420,3187,7766,7786,-8203,-8956
393,1154,1124,1055,1160,1153,1188,1002,986,-1182,420,3187,7766,7786,-8203,-8956
394,1154,1124,1055,1160,1153,1188,1002,986,1216,576,2470,7961,7711,-8456,-8608
395,1280,1153,1020,1068,1051,1128,1078,1057,1216,576,2470,7961,7711,-8456,-8608
396,1280,1153,1020,1068,1051,1128,1078,1057,2261,284,1371,7939,7789,-8743,-8264
397,1352,1115,996,1210,1020,1095,997,1179,2261,284,1371,7939,7789,-8743,-8264
398,1352,1115,996,1210,1020,1095,997,1179,896,102,885,7961,7783,-8871,-8111
399,1400,1118,936,1258,991,962,887,1202,896,102,885,7961,7783,-8871,-8111
