,Timestamp,Sensor 0,Sensor 1,Sensor 2,Sensor 3,Sensor 4,Sensor 5,Sensor 6,Sensor 7,Gyro 0,Gyro 1,Gyro 2,Acc 1,Acc 2,Acc 3
0,1557408115.616252,42.0,40.0,55.0,141.0,417.0,189.0,222.0,78.0,118.0,-104.0,-266.0,1258.0,1332.0,539.0
1,1557408115.618646,42.0,40.0,55.0,141.0,417.0,189.0,222.0,78.0,228.0,0.0,-299.0,1426.0,1208.0,626.0
2,1557408115.620924,41.0,42.0,60.0,146.0,466.0,210.0,310.0,65.0,228.0,0.0,-299.0,1426.0,1208.0,626.0
3,1557408115.623863,41.0,42.0,60.0,146.0,466.0,210.0,310.0,65.0,382.0,139.0,-213.0,1384.0,1235.0,695.0
4,1557408115.625823,37.0,38.0,57.0,131.0,474.0,201.0,318.0,54.0,382.0,139.0,-213.0,1384.0,1235.0,695.0
5,1557408115.627715,37.0,38.0,57.0,131.0,474.0,201.0,318.0,54.0,502.0,162.0,-193.0,1346.0,1330.0,710.0
6,1557408115.629596,39.0,42.0,66.0,133.0,472.0,222.0,311.0,58.0,502.0,162.0,-193.0,1346.0,1330.0,710.0
7,1557408115.631455,39.0,42.0,66.0,133.0,472.0,222.0,311.0,58.0,477.0,162.0,-116.0,1398.0,1324.0,702.0
8,1557408115.633319,39.0,43.0,71.0,142.0,453.0,220.0,274.0,56.0,477.0,162.0,-116.0,1398.0,1324.0,702.0
9,1557408115.6356,39.0,43.0,71.0,142.0,453.0,220.0,274.0,56.0,433.0,218.0,-55.0,1470.0,1280.0,669.0
10,1557408115.637636,38.0,44.0,70.0,153.0,515.0,258.0,308.0,61.0,433.0,218.0,-55.0,1470.0,1280.0,669.0
11,1557408115.639563,38.0,44.0,70.0,153.0,515.0,258.0,308.0,61.0,470.0,314.0,-74.0,1485.0,1230.0,698.0
12,1557408115.641378,43.0,49.0,78.0,158.0,514.0,233.0,221.0,53.0,470.0,314.0,-74.0,1485.0,1230.0,698.0
13,1557408115.643953,43.0,49.0,78.0,158.0,514.0,233.0,221.0,53.0,720.0,380.0,-91.0,1377.0,1238.0,633.0
14,1557408115.646412,43.0,50.0,76.0,166.0,510.0,222.0,228.0,53.0,720.0,380.0,-91.0,1377.0,1238.0,633.0
15,1557408115.648311,43.0,50.0,76.0,166.0,510.0,222.0,228.0,53.0,915.0,375.0,-35.0,1308.0,1320.0,550.0
16,1557408115.6502,40.0,49.0,70.0,153.0,503.0,251.0,238.0,48.0,915.0,375.0,-35.0,1308.0,1320.0,550.0
17,1557408115.652059,40.0,49.0,70.0,153.0,503.0,251.0,238.0,48.0,924.0,406.0,8.0,1327.0,1430.0,478.0
18,1557408115.653877,41.0,48.0,67.0,144.0,599.0,240.0,237.0,49.0,924.0,406.0,8.0,1327.0,1430.0,478.0
19,1557408115.655797,41.0,48.0,67.0,144.0,599.0,240.0,237.0,49.0,860.0,463.0,-22.0,1289.0,1464.0,414.0
20,1557408115.657646,45.0,50.0,74.0,153.0,602.0,202.0,206.0,47.0,860.0,463.0,-22.0,1289.0,1464.0,414.0
21,1557408115.659576,45.0,50.0,74.0,153.0,602.0,202.0,206.0,47.0,841.0,500.0,-30.0,1249.0,1444.0,412.0
22,1557408115.661385,40.0,45.0,64.0,146.0,603.0,232.0,235.0,47.0,841.0,500.0,-30.0,1249.0,1444.0,412.0
23,1557408115.663232,40.0,45.0,64.0,146.0,603.0,232.0,235.0,47.0,837.0,528.0,-9.0,1255.0,1509.0,412.0
24,1557408115.665473,43.0,48.0,65.0,151.0,579.0,264.0,245.0,64.0,837.0,528.0,-9.0,1255.0,1509.0,412.0
25,1557408115.668055,43.0,48.0,65.0,151.0,579.0,264.0,245.0,64.0,809.0,517.0,-26.0,1249.0,1559.0,397.0
26,1557408115.669942,43.0,45.0,62.0,147.0,548.0,218.0,243.0,67.0,809.0,517.0,-26.0,1249.0,1559.0,397.0
27,1557408115.671788,43.0,45.0,62.0,147.0,548.0,218.0,243.0,67.0,743.0,482.0,-4.0,1235.0,1534.0,417.0
28,1557408115.67363,56.0,45.0,61.0,156.0,513.0,304.0,351.0,139.0,743.0,482.0,-4.0,1235.0,1534.0,417.0
29,1557408115.675563,56.0,45.0,61.0,156.0,513.0,304.0,351.0,139.0,638.0,394.0,17.0,1231.0,1567.0,367.0
30,1557408115.67738,57.0,42.0,51.0,138.0,477.0,329.0,362.0,157.0,638.0,394.0,17.0,1231.0,1567.0,367.0
31,1557408115.679226,57.0,42.0,51.0,138.0,477.0,329.0,362.0,157.0,460.0,319.0,-2.0,1263.0,1584.0,378.0
32,1557408115.6811,56.0,40.0,49.0,135.0,440.0,331.0,399.0,159.0,460.0,319.0,-2.0,1263.0,1584.0,378.0
33,1557408115.683442,56.0,40.0,49.0,135.0,440.0,331.0,399.0,159.0,270.0,195.0,29.0,1244.0,1555.0,363.0
34,1557408115.685558,56.0,36.0,48.0,129.0,481.0,328.0,379.0,154.0,270.0,195.0,29.0,1244.0,1555.0,363.0
35,1557408115.687447,56.0,36.0,48.0,129.0,481.0,328.0,379.0,154.0,28.0,77.0,26.0,1243.0,1557.0,341.0
36,1557408115.689492,58.0,34.0,44.0,121.0,481.0,339.0,375.0,154.0,28.0,77.0,26.0,1243.0,1557.0,341.0
37,1557408115.691826,58.0,34.0,44.0,121.0,481.0,339.0,375.0,154.0,-169.0,-36.0,44.0,1237.0,1533.0,328.0
38,1557408115.694118,42.0,30.0,39.0,98.0,384.0,321.0,300.0,222.0,-169.0,-36.0,44.0,1237.0,1533.0,328.0
39,1557408115.696993,42.0,30.0,39.0,98.0,384.0,321.0,300.0,222.0,-281.0,-172.0,79.0,1258.0,1549.0,323.0
40,1557408115.699099,47.0,27.0,34.0,119.0,331.0,357.0,338.0,439.0,-281.0,-172.0,79.0,1258.0,1549.0,323.0
41,1557408115.701048,47.0,27.0,34.0,119.0,331.0,357.0,338.0,439.0,-473.0,-214.0,57.0,1256.0,1648.0,333.0
42,1557408115.702969,56.0,29.0,55.0,203.0,354.0,344.0,272.0,463.0,-473.0,-214.0,57.0,1256.0,1648.0,333.0
43,1557408115.705262,56.0,29.0,55.0,203.0,354.0,344.0,272.0,463.0,-823.0,-278.0,66.0,1172.0,1711.0,332.0
44,1557408115.707189,59.0,39.0,95.0,328.0,298.0,403.0,273.0,487.0,-823.0,-278.0,66.0,1172.0,1711.0,332.0
45,1557408115.709096,59.0,39.0,95.0,328.0,298.0,403.0,273.0,487.0,-1165.0,-464.0,-4.0,1175.0,1611.0,292.0
46,1557408115.71094,72.0,64.0,152.0,365.0,286.0,413.0,277.0,515.0,-1165.0,-464.0,-4.0,1175.0,1611.0,292.0
47,1557408115.712809,72.0,64.0,152.0,365.0,286.0,413.0,277.0,515.0,-1610.0,-641.0,17.0,1285.0,1376.0,362.0
48,1557408115.71463,93.0,86.0,175.0,404.0,287.0,387.0,282.0,513.0,-1610.0,-641.0,17.0,1285.0,1376.0,362.0
49,1557408115.716592,93.0,86.0,175.0,404.0,287.0,387.0,282.0,513.0,-1707.0,-690.0,-45.0,1452.0,1357.0,409.0
50,1557408115.718469,136.0,103.0,248.0,484.0,298.0,367.0,233.0,416.0,-1707.0,-690.0,-45.0,1452.0,1357.0,409.0
51,1557408115.720373,136.0,103.0,248.0,484.0,298.0,367.0,233.0,416.0,-1745.0,-673.0,-71.0,1436.0,1305.0,555.0
52,1557408115.722226,162.0,120.0,280.0,481.0,250.0,371.0,224.0,397.0,-1745.0,-673.0,-71.0,1436.0,1305.0,555.0
53,1557408115.724233,162.0,120.0,280.0,481.0,250.0,371.0,224.0,397.0,-1745.0,-608.0,-93.0,1348.0,1385.0,666.0
54,1557408115.726518,195.0,125.0,298.0,445.0,207.0,313.0,327.0,517.0,-1745.0,-608.0,-93.0,1348.0,1385.0,666.0
55,1557408115.728815,195.0,125.0,298.0,445.0,207.0,313.0,327.0,517.0,-1779.0,-642.0,-97.0,1179.0,1315.0,746.0
56,1557408115.730663,222.0,132.0,291.0,458.0,190.0,288.0,342.0,516.0,-1779.0,-642.0,-97.0,1179.0,1315.0,746.0
57,1557408115.732588,222.0,132.0,291.0,458.0,190.0,288.0,342.0,516.0,-1641.0,-696.0,-108.0,1183.0,1236.0,699.0
58,1557408115.734389,245.0,129.0,287.0,441.0,173.0,263.0,329.0,516.0,-1641.0,-696.0,-108.0,1183.0,1236.0,699.0
59,1557408115.736345,245.0,129.0,287.0,441.0,173.0,263.0,329.0,516.0,-1486.0,-717.0,-93.0,1251.0,1159.0,642.0
60,1557408115.738179,301.0,138.0,237.0,360.0,215.0,213.0,318.0,487.0,-1486.0,-717.0,-93.0,1251.0,1159.0,642.0
61,1557408115.740055,301.0,138.0,237.0,360.0,215.0,213.0,318.0,487.0,-1363.0,-664.0,-52.0,1408.0,1252.0,626.0
62,1557408115.742176,306.0,131.0,197.0,365.0,217.0,193.0,333.0,510.0,-1363.0,-664.0,-52.0,1408.0,1252.0,626.0
63,1557408115.744324,306.0,131.0,197.0,365.0,217.0,193.0,333.0,510.0,-1285.0,-688.0,-131.0,1506.0,1199.0,646.0
64,1557408115.746148,288.0,125.0,155.0,320.0,273.0,134.0,238.0,383.0,-1285.0,-688.0,-131.0,1506.0,1199.0,646.0
65,1557408115.748079,288.0,125.0,155.0,320.0,273.0,134.0,238.0,383.0,-1064.0,-613.0,-195.0,1363.0,1132.0,591.0
66,1557408115.749886,268.0,106.0,119.0,259.0,314.0,139.0,231.0,380.0,-1064.0,-613.0,-195.0,1363.0,1132.0,591.0
67,1557408115.751821,268.0,106.0,119.0,259.0,314.0,139.0,231.0,380.0,-741.0,-510.0,-150.0,1268.0,1218.0,627.0
68,1557408115.753632,247.0,97.0,102.0,239.0,348.0,139.0,244.0,394.0,-741.0,-510.0,-150.0,1268.0,1218.0,627.0
69,1557408115.755522,247.0,97.0,102.0,239.0,348.0,139.0,244.0,394.0,-443.0,-365.0,-156.0,1307.0,1267.0,636.0
70,1557408115.757551,151.0,64.0,79.0,216.0,361.0,137.0,235.0,365.0,-443.0,-365.0,-156.0,1307.0,1267.0,636.0
71,1557408115.759689,151.0,64.0,79.0,216.0,361.0,137.0,235.0,365.0,-106.0,-267.0,-257.0,1267.0,1217.0,583.0
72,1557408115.761512,127.0,48.0,65.0,159.0,471.0,137.0,213.0,328.0,-106.0,-267.0,-257.0,1267.0,1217.0,583.0
73,1557408115.764529,127.0,48.0,65.0,159.0,471.0,137.0,213.0,328.0,187.0,-227.0,-200.0,1231.0,1254.0,575.0
74,1557408115.766492,129.0,46.0,53.0,157.0,505.0,155.0,198.0,300.0,187.0,-227.0,-200.0,1231.0,1254.0,575.0
75,1557408115.768425,129.0,46.0,53.0,157.0,505.0,155.0,198.0,300.0,247.0,-127.0,-79.0,1312.0,1337.0,643.0
76,1557408115.770246,121.0,47.0,52.0,154.0,482.0,144.0,163.0,257.0,247.0,-127.0,-79.0,1312.0,1337.0,643.0
77,1557408115.772113,121.0,47.0,52.0,154.0,482.0,144.0,163.0,257.0,260.0,-7.0,-22.0,1336.0,1281.0,823.0
78,1557408115.773966,109.0,40.0,39.0,149.0,477.0,185.0,91.0,138.0,260.0,-7.0,-22.0,1336.0,1281.0,823.0
79,1557408115.77581,109.0,40.0,39.0,149.0,477.0,185.0,91.0,138.0,500.0,102.0,39.0,1301.0,1163.0,847.0
80,1557408115.777669,99.0,39.0,39.0,146.0,490.0,246.0,87.0,108.0,500.0,102.0,39.0,1301.0,1163.0,847.0
81,1557408115.77955,99.0,39.0,39.0,146.0,490.0,246.0,87.0,108.0,656.0,86.0,89.0,1195.0,1348.0,786.0
82,1557408115.781437,71.0,36.0,42.0,125.0,397.0,280.0,118.0,103.0,656.0,86.0,89.0,1195.0,1348.0,786.0
83,1557408115.783317,71.0,36.0,42.0,125.0,397.0,280.0,118.0,103.0,474.0,89.0,89.0,1451.0,1527.0,765.0
84,1557408115.785113,60.0,48.0,53.0,131.0,379.0,283.0,130.0,98.0,474.0,89.0,89.0,1451.0,1527.0,765.0
85,1557408115.787019,60.0,48.0,53.0,131.0,379.0,283.0,130.0,98.0,154.0,113.0,80.0,1379.0,1388.0,838.0
86,1557408115.789564,62.0,49.0,56.0,145.0,449.0,386.0,155.0,102.0,154.0,113.0,80.0,1379.0,1388.0,838.0
87,1557408115.791529,62.0,49.0,56.0,145.0,449.0,386.0,155.0,102.0,77.0,142.0,193.0,1319.0,1330.0,847.0
88,1557408115.793404,61.0,51.0,59.0,161.0,512.0,418.0,208.0,113.0,77.0,142.0,193.0,1319.0,1330.0,847.0
89,1557408115.795639,61.0,51.0,59.0,161.0,512.0,418.0,208.0,113.0,49.0,153.0,243.0,1409.0,1329.0,821.0
90,1557408115.797744,63.0,55.0,62.0,170.0,498.0,477.0,220.0,112.0,49.0,153.0,243.0,1409.0,1329.0,821.0
91,1557408115.800155,63.0,55.0,62.0,170.0,498.0,477.0,220.0,112.0,29.0,135.0,206.0,1385.0,1341.0,751.0
92,1557408115.802517,64.0,55.0,61.0,170.0,501.0,484.0,207.0,109.0,29.0,135.0,206.0,1385.0,1341.0,751.0
93,1557408115.804988,64.0,55.0,61.0,170.0,501.0,484.0,207.0,109.0,-12.0,132.0,183.0,1390.0,1302.0,733.0
94,1557408115.80724,73.0,44.0,49.0,145.0,456.0,488.0,202.0,123.0,-12.0,132.0,183.0,1390.0,1302.0,733.0
95,1557408115.809426,73.0,44.0,49.0,145.0,456.0,488.0,202.0,123.0,-33.0,152.0,196.0,1411.0,1266.0,719.0
96,1557408115.811489,71.0,42.0,45.0,130.0,392.0,436.0,186.0,118.0,-33.0,152.0,196.0,1411.0,1266.0,719.0
97,1557408115.81366,71.0,42.0,45.0,130.0,392.0,436.0,186.0,118.0,-39.0,164.0,246.0,1378.0,1231.0,696.0
98,1557408115.815706,68.0,40.0,42.0,110.0,352.0,421.0,126.0,108.0,-39.0,164.0,246.0,1378.0,1231.0,696.0
99,1557408115.817974,68.0,40.0,42.0,110.0,352.0,421.0,126.0,108.0,-15.0,184.0,258.0,1398.0,1251.0,679.0
100,1557408115.820217,60.0,33.0,37.0,107.0,317.0,351.0,102.0,110.0,-15.0,184.0,258.0,1398.0,1251.0,679.0
101,1557408115.822973,60.0,33.0,37.0,107.0,317.0,351.0,102.0,110.0,34.0,208.0,220.0,1406.0,1256.0,656.0
102,1557408115.82546,61.0,36.0,36.0,127.0,301.0,383.0,94.0,103.0,34.0,208.0,220.0,1406.0,1256.0,656.0
103,1557408115.827868,61.0,36.0,36.0,127.0,301.0,383.0,94.0,103.0,119.0,202.0,201.0,1384.0,1198.0,611.0
104,1557408115.829875,50.0,37.0,39.0,139.0,333.0,389.0,86.0,103.0,119.0,202.0,201.0,1384.0,1198.0,611.0
105,1557408115.831734,50.0,37.0,39.0,139.0,333.0,389.0,86.0,103.0,166.0,221.0,201.0,1409.0,1236.0,602.0
106,1557408115.833543,51.0,36.0,40.0,142.0,334.0,389.0,79.0,98.0,166.0,221.0,201.0,1409.0,1236.0,602.0
107,1557408115.835419,51.0,36.0,40.0,142.0,334.0,389.0,79.0,98.0,139.0,213.0,194.0,1399.0,1245.0,600.0
108,1557408115.83722,50.0,34.0,41.0,140.0,252.0,360.0,74.0,92.0,139.0,213.0,194.0,1399.0,1245.0,600.0
109,1557408115.839112,50.0,34.0,41.0,140.0,252.0,360.0,74.0,92.0,120.0,219.0,174.0,1386.0,1292.0,596.0
110,1557408115.840918,51.0,35.0,53.0,131.0,249.0,353.0,66.0,80.0,120.0,219.0,174.0,1386.0,1292.0,596.0
111,1557408115.842756,51.0,35.0,53.0,131.0,249.0,353.0,66.0,80.0,63.0,211.0,144.0,1386.0,1246.0,630.0
112,1557408115.844652,45.0,34.0,96.0,233.0,245.0,352.0,71.0,79.0,63.0,211.0,144.0,1386.0,1246.0,630.0
113,1557408115.84651,45.0,34.0,96.0,233.0,245.0,352.0,71.0,79.0,105.0,157.0,189.0,1308.0,1183.0,645.0
114,1557408115.848365,37.0,35.0,102.0,249.0,194.0,338.0,66.0,52.0,105.0,157.0,189.0,1308.0,1183.0,645.0
115,1557408115.850932,37.0,35.0,102.0,249.0,194.0,338.0,66.0,52.0,213.0,137.0,230.0,1378.0,1214.0,639.0
116,1557408115.852804,33.0,36.0,103.0,249.0,172.0,309.0,62.0,49.0,213.0,137.0,230.0,1378.0,1214.0,639.0
117,1557408115.854703,33.0,36.0,103.0,249.0,172.0,309.0,62.0,49.0,247.0,136.0,154.0,1430.0,1238.0,632.0
118,1557408115.856644,33.0,35.0,105.0,248.0,206.0,325.0,58.0,45.0,247.0,136.0,154.0,1430.0,1238.0,632.0
119,1557408115.85867,33.0,35.0,105.0,248.0,206.0,325.0,58.0,45.0,341.0,117.0,65.0,1353.0,1336.0,594.0
120,1557408115.86062,28.0,35.0,99.0,246.0,191.0,306.0,56.0,40.0,341.0,117.0,65.0,1353.0,1336.0,594.0
121,1557408115.862473,28.0,35.0,99.0,246.0,191.0,306.0,56.0,40.0,276.0,75.0,-50.0,1333.0,1360.0,581.0
122,1557408115.864632,26.0,31.0,59.0,134.0,188.0,210.0,38.0,37.0,276.0,75.0,-50.0,1333.0,1360.0,581.0
123,1557408115.86684,26.0,31.0,59.0,134.0,188.0,210.0,38.0,37.0,149.0,38.0,-59.0,1282.0,1309.0,563.0
124,1557408115.868723,24.0,28.0,48.0,86.0,183.0,199.0,32.0,30.0,149.0,38.0,-59.0,1282.0,1309.0,563.0
125,1557408115.870699,24.0,28.0,48.0,86.0,183.0,199.0,32.0,30.0,107.0,5.0,-7.0,1269.0,1265.0,576.0
126,1557408115.872518,23.0,27.0,56.0,74.0,190.0,202.0,35.0,27.0,107.0,5.0,-7.0,1269.0,1265.0,576.0
127,1557408115.874371,23.0,27.0,56.0,74.0,190.0,202.0,35.0,27.0,96.0,-28.0,18.0,1303.0,1269.0,598.0
128,1557408115.876215,22.0,27.0,51.0,67.0,149.0,162.0,32.0,23.0,96.0,-28.0,18.0,1303.0,1269.0,598.0
129,1557408115.878156,22.0,27.0,51.0,67.0,149.0,162.0,32.0,23.0,70.0,-55.0,-4.0,1336.0,1278.0,610.0
130,1557408115.880587,22.0,29.0,51.0,62.0,154.0,128.0,36.0,22.0,70.0,-55.0,-4.0,1336.0,1278.0,610.0
131,1557408115.88274,22.0,29.0,51.0,62.0,154.0,128.0,36.0,22.0,56.0,-76.0,-45.0,1305.0,1278.0,637.0
132,1557408115.884554,21.0,29.0,48.0,58.0,176.0,120.0,37.0,22.0,56.0,-76.0,-45.0,1305.0,1278.0,637.0
133,1557408115.8874,21.0,29.0,48.0,58.0,176.0,120.0,37.0,22.0,42.0,-91.0,-51.0,1297.0,1309.0,640.0
134,1557408115.889768,21.0,27.0,46.0,56.0,177.0,113.0,38.0,22.0,42.0,-91.0,-51.0,1297.0,1309.0,640.0
135,1557408115.891834,21.0,27.0,46.0,56.0,177.0,113.0,38.0,22.0,23.0,-111.0,-60.0,1335.0,1318.0,650.0
136,1557408115.893789,19.0,26.0,31.0,54.0,168.0,92.0,39.0,24.0,23.0,-111.0,-60.0,1335.0,1318.0,650.0
137,1557408115.895774,19.0,26.0,31.0,54.0,168.0,92.0,39.0,24.0,5.0,-115.0,-64.0,1338.0,1332.0,656.0
138,1557408115.897652,18.0,26.0,29.0,44.0,159.0,62.0,43.0,24.0,5.0,-115.0,-64.0,1338.0,1332.0,656.0
139,1557408115.89955,18.0,26.0,29.0,44.0,159.0,62.0,43.0,24.0,-15.0,-121.0,-75.0,1339.0,1339.0,667.0
140,1557408115.90223,21.0,30.0,31.0,57.0,317.0,58.0,37.0,25.0,-15.0,-121.0,-75.0,1339.0,1339.0,667.0
141,1557408115.905045,21.0,30.0,31.0,57.0,317.0,58.0,37.0,25.0,-26.0,-131.0,-77.0,1328.0,1327.0,684.0
142,1557408115.907042,21.0,31.0,33.0,70.0,335.0,62.0,39.0,22.0,-26.0,-131.0,-77.0,1328.0,1327.0,684.0
143,1557408115.908945,21.0,31.0,33.0,70.0,335.0,62.0,39.0,22.0,8.0,-132.0,-71.0,1328.0,1316.0,676.0
144,1557408115.911014,23.0,33.0,50.0,112.0,363.0,63.0,43.0,21.0,8.0,-132.0,-71.0,1328.0,1316.0,676.0
145,1557408115.913217,23.0,33.0,50.0,112.0,363.0,63.0,43.0,21.0,27.0,-132.0,-70.0,1347.0,1329.0,658.0
146,1557408115.915118,25.0,36.0,79.0,254.0,372.0,65.0,39.0,20.0,27.0,-132.0,-70.0,1347.0,1329.0,658.0
147,1557408115.917098,25.0,36.0,79.0,254.0,372.0,65.0,39.0,20.0,27.0,-141.0,-58.0,1376.0,1303.0,651.0
148,1557408115.918954,24.0,37.0,95.0,329.0,375.0,63.0,35.0,21.0,27.0,-141.0,-58.0,1376.0,1303.0,651.0
149,1557408115.920856,24.0,37.0,95.0,329.0,375.0,63.0,35.0,21.0,23.0,-131.0,-28.0,1389.0,1251.0,652.0
150,1557408115.935681,22.0,32.0,97.0,336.0,257.0,55.0,34.0,20.0,23.0,-131.0,-28.0,1389.0,1251.0,652.0
151,1557408115.94344,22.0,32.0,97.0,336.0,257.0,55.0,34.0,20.0,54.0,-76.0,-1.0,1401.0,1258.0,653.0
152,1557408115.950679,21.0,31.0,98.0,340.0,212.0,45.0,30.0,19.0,54.0,-76.0,-1.0,1401.0,1258.0,653.0
153,1557408115.95835,21.0,31.0,98.0,340.0,212.0,45.0,30.0,19.0,60.0,-79.0,6.0,1343.0,1331.0,618.0
154,1557408115.973511,21.0,29.0,91.0,332.0,170.0,48.0,34.0,33.0,60.0,-79.0,6.0,1343.0,1331.0,618.0
155,1557408115.981311,21.0,29.0,91.0,332.0,170.0,48.0,34.0,33.0,-48.0,-88.0,-7.0,1382.0,1320.0,635.0
156,1557408115.995665,19.0,25.0,69.0,243.0,148.0,47.0,36.0,35.0,-48.0,-88.0,-7.0,1382.0,1320.0,635.0
157,1557408116.004801,19.0,25.0,69.0,243.0,148.0,47.0,36.0,35.0,-93.0,-90.0,8.0,1387.0,1280.0,645.0
158,1557408116.010434,20.0,22.0,46.0,128.0,257.0,47.0,37.0,34.0,-93.0,-90.0,8.0,1387.0,1280.0,645.0
159,1557408116.018228,20.0,22.0,46.0,128.0,257.0,47.0,37.0,34.0,-69.0,-94.0,-14.0,1402.0,1247.0,642.0
160,1557408116.033206,20.0,22.0,38.0,103.0,267.0,51.0,36.0,36.0,-69.0,-94.0,-14.0,1402.0,1247.0,642.0
161,1557408116.040968,20.0,22.0,38.0,103.0,267.0,51.0,36.0,36.0,-55.0,-88.0,-47.0,1402.0,1250.0,631.0
162,1557408116.048364,21.0,22.0,34.0,76.0,271.0,50.0,36.0,37.0,-55.0,-88.0,-47.0,1402.0,1250.0,631.0
163,1557408116.071784,21.0,22.0,34.0,76.0,271.0,50.0,36.0,37.0,-21.0,-91.0,-79.0,1378.0,1234.0,629.0
164,1557408116.0768,19.0,22.0,31.0,62.0,265.0,41.0,26.0,27.0,-21.0,-91.0,-79.0,1378.0,1234.0,629.0
165,1557408116.081744,19.0,22.0,31.0,62.0,265.0,41.0,26.0,27.0,28.0,-95.0,-77.0,1387.0,1244.0,618.0
166,1557408116.093101,19.0,21.0,26.0,53.0,267.0,39.0,22.0,25.0,28.0,-95.0,-77.0,1387.0,1244.0,618.0
167,1557408116.100972,19.0,21.0,26.0,53.0,267.0,39.0,22.0,25.0,33.0,-94.0,-77.0,1388.0,1290.0,607.0
168,1557408116.108578,19.0,25.0,26.0,41.0,172.0,37.0,23.0,26.0,33.0,-94.0,-77.0,1388.0,1290.0,607.0
169,1557408116.123315,19.0,25.0,26.0,41.0,172.0,37.0,23.0,26.0,-17.0,-82.0,-77.0,1399.0,1312.0,611.0
170,1557408116.1468,19.0,25.0,24.0,35.0,142.0,30.0,25.0,24.0,-17.0,-82.0,-77.0,1399.0,1312.0,611.0
171,1557408116.150539,19.0,25.0,24.0,35.0,142.0,30.0,25.0,24.0,-60.0,-78.0,-70.0,1389.0,1293.0,597.0
172,1557408116.16134,18.0,28.0,22.0,38.0,165.0,40.0,27.0,21.0,-60.0,-78.0,-70.0,1389.0,1293.0,597.0
173,1557408116.163834,18.0,28.0,22.0,38.0,165.0,40.0,27.0,21.0,-58.0,-71.0,-55.0,1400.0,1292.0,609.0
174,1557408116.175695,21.0,28.0,22.0,35.0,160.0,39.0,26.0,20.0,-58.0,-71.0,-55.0,1400.0,1292.0,609.0
175,1557408116.183683,21.0,28.0,22.0,35.0,160.0,39.0,26.0,20.0,-40.0,-64.0,-47.0,1403.0,1285.0,606.0
176,1557408116.19043,20.0,28.0,22.0,36.0,157.0,39.0,28.0,21.0,-40.0,-64.0,-47.0,1403.0,1285.0,606.0
177,1557408116.205651,20.0,28.0,22.0,36.0,157.0,39.0,28.0,21.0,-17.0,-62.0,-37.0,1395.0,1295.0,608.0
178,1557408116.213225,20.0,25.0,22.0,32.0,137.0,39.0,25.0,20.0,-17.0,-62.0,-37.0,1395.0,1295.0,608.0
179,1557408116.221151,20.0,25.0,22.0,32.0,137.0,39.0,25.0,20.0,1.0,-62.0,-30.0,1405.0,1307.0,616.0
180,1557408116.228167,21.0,26.0,22.0,33.0,139.0,39.0,24.0,18.0,1.0,-62.0,-30.0,1405.0,1307.0,616.0
181,1557408116.243388,21.0,26.0,22.0,33.0,139.0,39.0,24.0,18.0,-12.0,-62.0,-18.0,1411.0,1322.0,601.0
182,1557408116.250685,21.0,24.0,22.0,27.0,85.0,30.0,21.0,20.0,-12.0,-62.0,-18.0,1411.0,1322.0,601.0
183,1557408116.258235,21.0,24.0,22.0,27.0,85.0,30.0,21.0,20.0,-42.0,-65.0,-10.0,1425.0,1313.0,621.0
184,1557408116.273137,19.0,22.0,20.0,29.0,108.0,33.0,22.0,20.0,-42.0,-65.0,-10.0,1425.0,1313.0,621.0
185,1557408116.281787,19.0,22.0,20.0,29.0,108.0,33.0,22.0,20.0,-57.0,-70.0,0.0,1424.0,1288.0,611.0
186,1557408116.288248,19.0,22.0,22.0,33.0,119.0,37.0,19.0,15.0,-57.0,-70.0,0.0,1424.0,1288.0,611.0
187,1557408116.31306,19.0,22.0,22.0,33.0,119.0,37.0,19.0,15.0,-76.0,-65.0,6.0,1424.0,1274.0,611.0
188,1557408116.31869,20.0,22.0,20.0,33.0,115.0,34.0,20.0,17.0,-76.0,-65.0,6.0,1424.0,1274.0,611.0
189,1557408116.32258,20.0,22.0,20.0,33.0,115.0,34.0,20.0,17.0,-77.0,-61.0,19.0,1414.0,1282.0,596.0
190,1557408116.333139,18.0,22.0,21.0,35.0,115.0,37.0,20.0,19.0,-77.0,-61.0,19.0,1414.0,1282.0,596.0
191,1557408116.349013,18.0,22.0,21.0,35.0,115.0,37.0,20.0,19.0,-75.0,-52.0,28.0,1420.0,1253.0,597.0
192,1557408116.352401,22.0,24.0,24.0,36.0,128.0,41.0,21.0,20.0,-75.0,-52.0,28.0,1420.0,1253.0,597.0
193,1557408116.363572,22.0,24.0,24.0,36.0,128.0,41.0,21.0,20.0,-60.0,-41.0,38.0,1412.0,1265.0,581.0
194,1557408116.370773,22.0,26.0,25.0,40.0,118.0,42.0,22.0,20.0,-60.0,-41.0,38.0,1412.0,1265.0,581.0
195,1557408116.378333,22.0,26.0,25.0,40.0,118.0,42.0,22.0,20.0,-30.0,-24.0,61.0,1392.0,1268.0,583.0
196,1557408116.393301,23.0,25.0,27.0,36.0,100.0,45.0,25.0,20.0,-30.0,-24.0,61.0,1392.0,1268.0,583.0
197,1557408116.401006,23.0,25.0,27.0,36.0,100.0,45.0,25.0,20.0,-22.0,-1.0,78.0,1421.0,1268.0,585.0
198,1557408116.408393,21.0,27.0,27.0,38.0,101.0,45.0,27.0,18.0,-22.0,-1.0,78.0,1421.0,1268.0,585.0
199,1557408116.425019,21.0,27.0,27.0,38.0,101.0,45.0,27.0,18.0,-10.0,25.0,83.0,1423.0,1251.0,599.0
200,1557408116.43092,22.0,28.0,29.0,38.0,105.0,50.0,27.0,19.0,-10.0,25.0,83.0,1423.0,1251.0,599.0
201,1557408116.445731,22.0,28.0,29.0,38.0,105.0,50.0,27.0,19.0,34.0,47.0,88.0,1400.0,1249.0,602.0
202,1557408116.453185,21.0,26.0,26.0,38.0,89.0,50.0,27.0,18.0,34.0,47.0,88.0,1400.0,1249.0,602.0
203,1557408116.460906,21.0,26.0,26.0,38.0,89.0,50.0,27.0,18.0,87.0,67.0,96.0,1402.0,1252.0,596.0
204,1557408116.468079,21.0,26.0,26.0,36.0,86.0,49.0,33.0,30.0,87.0,67.0,96.0,1402.0,1252.0,596.0
205,1557408116.484273,21.0,26.0,26.0,36.0,86.0,49.0,33.0,30.0,117.0,82.0,98.0,1411.0,1267.0,590.0
206,1557408116.491013,22.0,26.0,24.0,35.0,84.0,42.0,33.0,32.0,117.0,82.0,98.0,1411.0,1267.0,590.0
207,1557408116.499155,22.0,26.0,24.0,35.0,84.0,42.0,33.0,32.0,115.0,99.0,95.0,1411.0,1257.0,599.0
208,1557408116.513869,23.0,23.0,24.0,37.0,108.0,43.0,32.0,32.0,115.0,99.0,95.0,1411.0,1257.0,599.0
209,1557408116.521116,23.0,23.0,24.0,37.0,108.0,43.0,32.0,32.0,121.0,109.0,98.0,1408.0,1268.0,577.0
210,1557408116.535622,23.0,22.0,23.0,36.0,101.0,38.0,33.0,32.0,121.0,109.0,98.0,1408.0,1268.0,577.0
211,1557408116.543502,23.0,22.0,23.0,36.0,101.0,38.0,33.0,32.0,124.0,115.0,102.0,1413.0,1253.0,594.0
212,1557408116.550647,22.0,22.0,23.0,34.0,99.0,37.0,33.0,32.0,124.0,115.0,102.0,1413.0,1253.0,594.0
213,1557408116.559132,22.0,22.0,23.0,34.0,99.0,37.0,33.0,32.0,140.0,116.0,94.0,1412.0,1247.0,587.0
214,1557408116.573221,23.0,18.0,22.0,32.0,89.0,38.0,29.0,22.0,140.0,116.0,94.0,1412.0,1247.0,587.0
215,1557408116.597035,23.0,18.0,22.0,32.0,89.0,38.0,29.0,22.0,158.0,120.0,90.0,1403.0,1263.0,573.0
216,1557408116.601446,22.0,20.0,21.0,37.0,98.0,46.0,29.0,20.0,158.0,120.0,90.0,1403.0,1263.0,573.0
217,1557408116.604822,22.0,20.0,21.0,37.0,98.0,46.0,29.0,20.0,156.0,115.0,88.0,1405.0,1275.0,574.0
218,1557408116.627453,21.0,21.0,22.0,31.0,77.0,50.0,33.0,45.0,156.0,115.0,88.0,1405.0,1275.0,574.0
219,1557408116.633177,21.0,21.0,22.0,31.0,77.0,50.0,33.0,45.0,125.0,113.0,81.0,1407.0,1272.0,568.0
220,1557408116.636634,20.0,22.0,26.0,33.0,91.0,53.0,52.0,60.0,125.0,113.0,81.0,1407.0,1272.0,568.0
221,1557408116.640401,20.0,22.0,26.0,33.0,91.0,53.0,52.0,60.0,93.0,106.0,89.0,1412.0,1240.0,559.0
222,1557408116.655581,19.0,22.0,26.0,34.0,90.0,54.0,54.0,62.0,93.0,106.0,89.0,1412.0,1240.0,559.0
223,1557408116.663322,19.0,22.0,26.0,34.0,90.0,54.0,54.0,62.0,93.0,114.0,80.0,1420.0,1292.0,547.0
224,1557408116.670752,17.0,25.0,26.0,32.0,90.0,53.0,54.0,65.0,93.0,114.0,80.0,1420.0,1292.0,547.0
225,1557408116.678277,17.0,25.0,26.0,32.0,90.0,53.0,54.0,65.0,76.0,109.0,54.0,1406.0,1298.0,561.0
226,1557408116.693065,17.0,25.0,27.0,26.0,79.0,45.0,56.0,66.0,76.0,109.0,54.0,1406.0,1298.0,561.0
227,1557408116.701023,17.0,25.0,27.0,26.0,79.0,45.0,56.0,66.0,73.0,92.0,51.0,1389.0,1286.0,535.0
228,1557408116.715816,19.0,24.0,26.0,26.0,69.0,40.0,55.0,53.0,73.0,92.0,51.0,1389.0,1286.0,535.0
229,1557408116.723852,19.0,24.0,26.0,26.0,69.0,40.0,55.0,53.0,104.0,72.0,49.0,1389.0,1269.0,533.0
230,1557408116.730618,18.0,23.0,21.0,23.0,40.0,33.0,40.0,35.0,104.0,72.0,49.0,1389.0,1269.0,533.0
231,1557408116.745882,18.0,23.0,21.0,23.0,40.0,33.0,40.0,35.0,116.0,65.0,55.0,1412.0,1292.0,528.0
232,1557408116.761152,23.0,22.0,21.0,19.0,35.0,30.0,46.0,39.0,116.0,65.0,55.0,1412.0,1292.0,528.0
233,1557408116.764016,23.0,22.0,21.0,19.0,35.0,30.0,46.0,39.0,95.0,63.0,59.0,1397.0,1317.0,539.0
234,1557408116.775809,22.0,19.0,22.0,20.0,35.0,34.0,62.0,48.0,95.0,63.0,59.0,1397.0,1317.0,539.0
235,1557408116.783353,22.0,19.0,22.0,20.0,35.0,34.0,62.0,48.0,64.0,52.0,79.0,1376.0,1319.0,535.0
236,1557408116.790856,23.0,18.0,20.0,23.0,96.0,35.0,66.0,49.0,64.0,52.0,79.0,1376.0,1319.0,535.0
237,1557408116.805691,23.0,18.0,20.0,23.0,96.0,35.0,66.0,49.0,35.0,36.0,98.0,1387.0,1309.0,535.0
238,1557408116.813287,23.0,20.0,19.0,27.0,103.0,39.0,71.0,51.0,35.0,36.0,98.0,1387.0,1309.0,535.0
239,1557408116.820972,23.0,20.0,19.0,27.0,103.0,39.0,71.0,51.0,23.0,26.0,107.0,1400.0,1312.0,553.0
240,1557408116.852035,23.0,21.0,20.0,26.0,105.0,43.0,73.0,51.0,23.0,26.0,107.0,1400.0,1312.0,553.0
241,1557408116.85446,23.0,21.0,20.0,26.0,105.0,43.0,73.0,51.0,36.0,22.0,128.0,1404.0,1308.0,565.0
242,1557408116.856278,19.0,23.0,19.0,27.0,107.0,43.0,83.0,62.0,36.0,22.0,128.0,1404.0,1308.0,565.0
243,1557408116.873961,19.0,23.0,19.0,27.0,107.0,43.0,83.0,62.0,59.0,14.0,143.0,1428.0,1311.0,576.0
244,1557408116.876117,20.0,24.0,24.0,30.0,107.0,41.0,78.0,55.0,59.0,14.0,143.0,1428.0,1311.0,576.0
245,1557408116.880921,20.0,24.0,24.0,30.0,107.0,41.0,78.0,55.0,95.0,12.0,152.0,1446.0,1329.0,595.0
246,1557408116.895725,20.0,23.0,27.0,31.0,67.0,44.0,78.0,54.0,95.0,12.0,152.0,1446.0,1329.0,595.0
247,1557408116.903553,20.0,23.0,27.0,31.0,67.0,44.0,78.0,54.0,120.0,36.0,148.0,1467.0,1336.0,612.0
248,1557408116.910555,19.0,23.0,27.0,32.0,87.0,47.0,83.0,74.0,120.0,36.0,148.0,1467.0,1336.0,612.0
249,1557408116.934234,19.0,23.0,27.0,32.0,87.0,47.0,83.0,74.0,149.0,72.0,121.0,1428.0,1370.0,609.0
250,1557408116.938519,19.0,24.0,27.0,33.0,87.0,43.0,82.0,75.0,149.0,72.0,121.0,1428.0,1370.0,609.0
251,1557408116.94354,19.0,24.0,27.0,33.0,87.0,43.0,82.0,75.0,141.0,62.0,123.0,1364.0,1394.0,570.0
252,1557408116.955787,17.0,24.0,28.0,37.0,92.0,50.0,68.0,63.0,141.0,62.0,123.0,1364.0,1394.0,570.0
253,1557408116.963353,17.0,24.0,28.0,37.0,92.0,50.0,68.0,63.0,108.0,27.0,166.0,1391.0,1428.0,555.0
254,1557408116.970719,19.0,23.0,25.0,36.0,92.0,50.0,66.0,61.0,108.0,27.0,166.0,1391.0,1428.0,555.0
255,1557408116.986247,19.0,23.0,25.0,36.0,92.0,50.0,66.0,61.0,2.0,-5.0,225.0,1424.0,1443.0,529.0
256,1557408117.001723,18.0,23.0,25.0,36.0,90.0,50.0,62.0,61.0,2.0,-5.0,225.0,1424.0,1443.0,529.0
257,1557408117.007029,18.0,23.0,25.0,36.0,90.0,50.0,62.0,61.0,-187.0,-28.0,269.0,1446.0,1423.0,546.0
258,1557408117.016121,19.0,22.0,25.0,31.0,62.0,47.0,49.0,33.0,-187.0,-28.0,269.0,1446.0,1423.0,546.0
259,1557408117.023105,19.0,22.0,25.0,31.0,62.0,47.0,49.0,33.0,-342.0,-42.0,310.0,1452.0,1343.0,569.0
260,1557408117.038254,20.0,21.0,25.0,32.0,61.0,47.0,49.0,26.0,-342.0,-42.0,310.0,1452.0,1343.0,569.0
261,1557408117.046274,20.0,21.0,25.0,32.0,61.0,47.0,49.0,26.0,-396.0,-62.0,335.0,1451.0,1289.0,579.0
262,1557408117.053265,21.0,21.0,24.0,29.0,68.0,44.0,75.0,24.0,-396.0,-62.0,335.0,1451.0,1289.0,579.0
263,1557408117.060935,21.0,21.0,24.0,29.0,68.0,44.0,75.0,24.0,-415.0,-82.0,351.0,1474.0,1258.0,570.0
264,1557408117.08368,19.0,23.0,22.0,27.0,67.0,64.0,80.0,27.0,-415.0,-82.0,351.0,1474.0,1258.0,570.0
265,1557408117.089118,19.0,23.0,22.0,27.0,67.0,64.0,80.0,27.0,-436.0,-94.0,359.0,1491.0,1248.0,577.0
266,1557408117.092931,19.0,23.0,19.0,24.0,64.0,62.0,87.0,34.0,-436.0,-94.0,359.0,1491.0,1248.0,577.0
267,1557408117.105776,19.0,23.0,19.0,24.0,64.0,62.0,87.0,34.0,-432.0,-102.0,346.0,1501.0,1232.0,555.0
268,1557408117.113352,21.0,23.0,22.0,26.0,66.0,63.0,93.0,34.0,-432.0,-102.0,346.0,1501.0,1232.0,555.0
269,1557408117.121157,21.0,23.0,22.0,26.0,66.0,63.0,93.0,34.0,-423.0,-99.0,349.0,1516.0,1196.0,564.0
270,1557408117.144206,21.0,23.0,22.0,23.0,64.0,66.0,100.0,36.0,-423.0,-99.0,349.0,1516.0,1196.0,564.0
271,1557408117.148815,21.0,23.0,22.0,23.0,64.0,66.0,100.0,36.0,-425.0,-96.0,340.0,1525.0,1173.0,560.0
272,1557408117.151189,20.0,22.0,23.0,23.0,47.0,69.0,86.0,35.0,-425.0,-96.0,340.0,1525.0,1173.0,560.0
273,1557408117.165586,20.0,22.0,23.0,23.0,47.0,69.0,86.0,35.0,-415.0,-99.0,331.0,1532.0,1141.0,542.0
274,1557408117.173182,20.0,22.0,27.0,28.0,88.0,61.0,85.0,33.0,-415.0,-99.0,331.0,1532.0,1141.0,542.0
275,1557408117.188199,20.0,22.0,27.0,28.0,88.0,61.0,85.0,33.0,-410.0,-103.0,342.0,1554.0,1135.0,545.0
276,1557408117.195991,20.0,24.0,27.0,28.0,91.0,61.0,76.0,23.0,-410.0,-103.0,342.0,1554.0,1135.0,545.0
277,1557408117.203312,20.0,24.0,27.0,28.0,91.0,61.0,76.0,23.0,-430.0,-100.0,348.0,1568.0,1105.0,549.0
278,1557408117.210932,19.0,23.0,27.0,28.0,97.0,70.0,73.0,22.0,-430.0,-100.0,348.0,1568.0,1105.0,549.0
279,1557408117.234383,19.0,23.0,27.0,28.0,97.0,70.0,73.0,22.0,-457.0,-97.0,340.0,1579.0,1072.0,548.0
280,1557408117.239452,18.0,23.0,30.0,31.0,103.0,71.0,70.0,20.0,-457.0,-97.0,340.0,1579.0,1072.0,548.0
281,1557408117.256666,18.0,23.0,30.0,31.0,103.0,71.0,70.0,20.0,-432.0,-100.0,333.0,1600.0,1025.0,569.0
282,1557408117.259006,22.0,24.0,30.0,33.0,122.0,68.0,68.0,20.0,-432.0,-100.0,333.0,1600.0,1025.0,569.0
283,1557408117.263259,22.0,24.0,30.0,33.0,122.0,68.0,68.0,20.0,-407.0,-108.0,319.0,1613.0,969.0,568.0
284,1557408117.278199,22.0,21.0,28.0,34.0,113.0,68.0,90.0,20.0,-407.0,-108.0,319.0,1613.0,969.0,568.0
285,1557408117.28653,22.0,21.0,28.0,34.0,113.0,68.0,90.0,20.0,-358.0,-122.0,311.0,1626.0,970.0,585.0
286,1557408117.293608,21.0,22.0,32.0,39.0,112.0,72.0,91.0,22.0,-358.0,-122.0,311.0,1626.0,970.0,585.0
287,1557408117.301128,21.0,22.0,32.0,39.0,112.0,72.0,91.0,22.0,-338.0,-133.0,304.0,1654.0,965.0,588.0
288,1557408117.315673,20.0,22.0,30.0,39.0,107.0,63.0,103.0,22.0,-338.0,-133.0,304.0,1654.0,965.0,588.0
289,1557408117.323576,20.0,22.0,30.0,39.0,107.0,63.0,103.0,22.0,-350.0,-144.0,307.0,1689.0,943.0,593.0
290,1557408117.330684,21.0,22.0,27.0,38.0,107.0,59.0,103.0,23.0,-350.0,-144.0,307.0,1689.0,943.0,593.0
291,1557408117.35413,21.0,22.0,27.0,38.0,107.0,59.0,103.0,23.0,-376.0,-162.0,305.0,1665.0,908.0,624.0
292,1557408117.357751,17.0,21.0,29.0,36.0,94.0,64.0,109.0,23.0,-376.0,-162.0,305.0,1665.0,908.0,624.0
293,1557408117.376724,17.0,21.0,29.0,36.0,94.0,64.0,109.0,23.0,-376.0,-186.0,309.0,1651.0,881.0,646.0
294,1557408117.38423,17.0,22.0,30.0,31.0,77.0,56.0,90.0,22.0,-376.0,-186.0,309.0,1651.0,881.0,646.0
295,1557408117.387963,17.0,22.0,30.0,31.0,77.0,56.0,90.0,22.0,-395.0,-200.0,313.0,1666.0,890.0,647.0
296,1557408117.392059,17.0,21.0,26.0,25.0,73.0,52.0,91.0,19.0,-395.0,-200.0,313.0,1666.0,890.0,647.0
297,1557408117.405606,17.0,21.0,26.0,25.0,73.0,52.0,91.0,19.0,-424.0,-195.0,308.0,1686.0,859.0,666.0
298,1557408117.413462,18.0,20.0,27.0,30.0,91.0,52.0,78.0,24.0,-424.0,-195.0,308.0,1686.0,859.0,666.0
299,1557408117.428914,18.0,20.0,27.0,30.0,91.0,52.0,78.0,24.0,-430.0,-181.0,312.0,1693.0,820.0,686.0
300,1557408117.436185,16.0,21.0,26.0,29.0,85.0,54.0,72.0,24.0,-430.0,-181.0,312.0,1693.0,820.0,686.0
301,1557408117.443252,16.0,21.0,26.0,29.0,85.0,54.0,72.0,24.0,-430.0,-177.0,297.0,1688.0,811.0,692.0
302,1557408117.467003,16.0,22.0,25.0,31.0,97.0,47.0,61.0,24.0,-430.0,-177.0,297.0,1688.0,811.0,692.0
303,1557408117.471236,16.0,22.0,25.0,31.0,97.0,47.0,61.0,24.0,-416.0,-182.0,297.0,1663.0,787.0,703.0
304,1557408117.480922,17.0,23.0,21.0,30.0,96.0,48.0,60.0,25.0,-416.0,-182.0,297.0,1663.0,787.0,703.0
305,1557408117.488447,17.0,23.0,21.0,30.0,96.0,48.0,60.0,25.0,-410.0,-181.0,305.0,1682.0,776.0,699.0
306,1557408117.503814,19.0,22.0,22.0,30.0,96.0,57.0,56.0,25.0,-410.0,-181.0,305.0,1682.0,776.0,699.0
307,1557408117.507775,19.0,22.0,22.0,30.0,96.0,57.0,56.0,25.0,-415.0,-180.0,301.0,1687.0,775.0,717.0
308,1557408117.518564,18.0,23.0,21.0,25.0,78.0,57.0,55.0,20.0,-415.0,-180.0,301.0,1687.0,775.0,717.0
309,1557408117.525746,18.0,23.0,21.0,25.0,78.0,57.0,55.0,20.0,-426.0,-175.0,304.0,1693.0,764.0,718.0
310,1557408117.533118,21.0,22.0,20.0,29.0,80.0,89.0,75.0,20.0,-426.0,-175.0,304.0,1693.0,764.0,718.0
311,1557408117.548427,21.0,22.0,20.0,29.0,80.0,89.0,75.0,20.0,-442.0,-162.0,295.0,1692.0,748.0,714.0
312,1557408117.556025,22.0,22.0,19.0,26.0,52.0,90.0,75.0,20.0,-442.0,-162.0,295.0,1692.0,748.0,714.0
313,1557408117.588028,22.0,22.0,19.0,26.0,52.0,90.0,75.0,20.0,-454.0,-149.0,276.0,1701.0,722.0,732.0
314,1557408117.592813,20.0,23.0,22.0,53.0,102.0,90.0,76.0,20.0,-454.0,-149.0,276.0,1701.0,722.0,732.0
315,1557408117.597673,20.0,23.0,22.0,53.0,102.0,90.0,76.0,20.0,-412.0,-133.0,244.0,1703.0,679.0,729.0
316,1557408117.601603,20.0,24.0,22.0,71.0,117.0,86.0,82.0,21.0,-412.0,-133.0,244.0,1703.0,679.0,729.0
317,1557408117.608376,20.0,24.0,22.0,71.0,117.0,86.0,82.0,21.0,-340.0,-106.0,219.0,1686.0,670.0,715.0
318,1557408117.615637,20.0,24.0,22.0,72.0,118.0,91.0,79.0,21.0,-340.0,-106.0,219.0,1686.0,670.0,715.0
319,1557408117.623671,20.0,24.0,22.0,72.0,118.0,91.0,79.0,21.0,-310.0,-95.0,197.0,1696.0,660.0,696.0
320,1557408117.638631,18.0,24.0,25.0,71.0,119.0,62.0,58.0,21.0,-310.0,-95.0,197.0,1696.0,660.0,696.0
321,1557408117.645948,18.0,24.0,25.0,71.0,119.0,62.0,58.0,21.0,-295.0,-76.0,180.0,1690.0,643.0,693.0
322,1557408117.660861,17.0,25.0,26.0,71.0,119.0,59.0,51.0,21.0,-295.0,-76.0,180.0,1690.0,643.0,693.0
323,1557408117.668962,17.0,25.0,26.0,71.0,119.0,59.0,51.0,21.0,-281.0,-63.0,150.0,1678.0,640.0,694.0
324,1557408117.676525,19.0,23.0,25.0,55.0,81.0,58.0,45.0,19.0,-281.0,-63.0,150.0,1678.0,640.0,694.0
325,1557408117.682938,19.0,23.0,25.0,55.0,81.0,58.0,45.0,19.0,-257.0,-55.0,131.0,1664.0,627.0,693.0
326,1557408117.698121,21.0,23.0,24.0,33.0,79.0,55.0,29.0,19.0,-257.0,-55.0,131.0,1664.0,627.0,693.0
327,1557408117.705928,21.0,23.0,24.0,33.0,79.0,55.0,29.0,19.0,-237.0,-39.0,114.0,1679.0,599.0,676.0
328,1557408117.713397,20.0,24.0,25.0,32.0,87.0,42.0,23.0,19.0,-237.0,-39.0,114.0,1679.0,599.0,676.0
329,1557408117.728894,20.0,24.0,25.0,32.0,87.0,42.0,23.0,19.0,-190.0,-20.0,82.0,1698.0,616.0,661.0
330,1557408117.735759,22.0,22.0,24.0,31.0,84.0,37.0,28.0,20.0,-190.0,-20.0,82.0,1698.0,616.0,661.0
331,1557408117.743328,22.0,22.0,24.0,31.0,84.0,37.0,28.0,20.0,-117.0,5.0,58.0,1704.0,611.0,653.0
332,1557408117.758112,22.0,21.0,23.0,29.0,87.0,34.0,29.0,19.0,-117.0,5.0,58.0,1704.0,611.0,653.0
333,1557408117.765967,22.0,21.0,23.0,29.0,87.0,34.0,29.0,19.0,-40.0,38.0,41.0,1713.0,613.0,661.0
334,1557408117.773475,21.0,23.0,22.0,30.0,83.0,33.0,34.0,19.0,-40.0,38.0,41.0,1713.0,613.0,661.0
335,1557408117.788294,21.0,23.0,22.0,30.0,83.0,33.0,34.0,19.0,81.0,72.0,6.0,1715.0,627.0,653.0
336,1557408117.795756,20.0,24.0,21.0,29.0,68.0,33.0,35.0,18.0,81.0,72.0,6.0,1715.0,627.0,653.0
337,1557408117.803703,20.0,24.0,21.0,29.0,68.0,33.0,35.0,18.0,196.0,95.0,-31.0,1702.0,648.0,662.0
338,1557408117.818043,19.0,21.0,20.0,29.0,68.0,34.0,37.0,16.0,196.0,95.0,-31.0,1702.0,648.0,662.0
339,1557408117.826013,19.0,21.0,20.0,29.0,68.0,34.0,37.0,16.0,266.0,109.0,-66.0,1722.0,678.0,641.0
340,1557408117.849362,19.0,22.0,18.0,30.0,67.0,37.0,32.0,15.0,266.0,109.0,-66.0,1722.0,678.0,641.0
341,1557408117.854122,19.0,22.0,18.0,30.0,67.0,37.0,32.0,15.0,309.0,114.0,-99.0,1737.0,691.0,635.0
342,1557408117.858855,21.0,23.0,19.0,29.0,63.0,37.0,30.0,15.0,309.0,114.0,-99.0,1737.0,691.0,635.0
343,1557408117.863906,21.0,23.0,19.0,29.0,63.0,37.0,30.0,15.0,329.0,112.0,-125.0,1733.0,706.0,642.0
344,1557408117.878359,20.0,22.0,20.0,28.0,63.0,33.0,25.0,17.0,329.0,112.0,-125.0,1733.0,706.0,642.0
345,1557408117.88581,20.0,22.0,20.0,28.0,63.0,33.0,25.0,17.0,322.0,102.0,-144.0,1729.0,700.0,641.0
346,1557408117.893119,21.0,22.0,21.0,24.0,58.0,31.0,25.0,17.0,322.0,102.0,-144.0,1729.0,700.0,641.0
347,1557408117.908478,21.0,22.0,21.0,24.0,58.0,31.0,25.0,17.0,322.0,85.0,-171.0,1725.0,699.0,633.0
348,1557408117.915933,21.0,21.0,21.0,24.0,41.0,34.0,22.0,20.0,322.0,85.0,-171.0,1725.0,699.0,633.0
349,1557408117.931283,21.0,21.0,21.0,24.0,41.0,34.0,22.0,20.0,320.0,56.0,-190.0,1715.0,741.0,627.0
350,1557408117.938481,20.0,20.0,22.0,26.0,60.0,30.0,23.0,21.0,320.0,56.0,-190.0,1715.0,741.0,627.0
351,1557408117.946027,20.0,20.0,22.0,26.0,60.0,30.0,23.0,21.0,308.0,24.0,-192.0,1716.0,783.0,615.0
352,1557408117.953185,18.0,20.0,22.0,26.0,72.0,30.0,23.0,22.0,308.0,24.0,-192.0,1716.0,783.0,615.0
353,1557408117.968302,18.0,20.0,22.0,26.0,72.0,30.0,23.0,22.0,252.0,1.0,-184.0,1720.0,801.0,601.0
354,1557408117.975954,18.0,22.0,22.0,27.0,74.0,30.0,24.0,22.0,252.0,1.0,-184.0,1720.0,801.0,601.0
355,1557408117.983442,18.0,22.0,22.0,27.0,74.0,30.0,24.0,22.0,205.0,-19.0,-182.0,1722.0,823.0,600.0
356,1557408117.998266,16.0,23.0,21.0,26.0,77.0,31.0,24.0,22.0,205.0,-19.0,-182.0,1722.0,823.0,600.0
357,1557408118.006144,16.0,23.0,21.0,26.0,77.0,31.0,24.0,22.0,153.0,-28.0,-173.0,1721.0,835.0,609.0
358,1557408118.013452,16.0,24.0,21.0,25.0,76.0,27.0,24.0,22.0,153.0,-28.0,-173.0,1721.0,835.0,609.0
359,1557408118.028322,16.0,24.0,21.0,25.0,76.0,27.0,24.0,22.0,127.0,-37.0,-180.0,1712.0,820.0,629.0
360,1557408118.036017,17.0,25.0,22.0,24.0,61.0,27.0,26.0,20.0,127.0,-37.0,-180.0,1712.0,820.0,629.0
361,1557408118.043151,17.0,25.0,22.0,24.0,61.0,27.0,26.0,20.0,145.0,-42.0,-180.0,1698.0,834.0,638.0
362,1557408118.058317,17.0,23.0,21.0,24.0,44.0,27.0,29.0,20.0,145.0,-42.0,-180.0,1698.0,834.0,638.0
363,1557408118.065976,17.0,23.0,21.0,24.0,44.0,27.0,29.0,20.0,169.0,-49.0,-188.0,1706.0,857.0,645.0
364,1557408118.073284,18.0,21.0,22.0,21.0,40.0,29.0,28.0,18.0,169.0,-49.0,-188.0,1706.0,857.0,645.0
365,1557408118.088551,18.0,21.0,22.0,21.0,40.0,29.0,28.0,18.0,166.0,-52.0,-194.0,1674.0,901.0,655.0
366,1557408118.095803,19.0,23.0,22.0,24.0,53.0,30.0,32.0,17.0,166.0,-52.0,-194.0,1674.0,901.0,655.0
367,1557408118.103159,19.0,23.0,22.0,24.0,53.0,30.0,32.0,17.0,137.0,-53.0,-179.0,1654.0,946.0,629.0
368,1557408118.118136,19.0,22.0,22.0,24.0,54.0,29.0,37.0,16.0,137.0,-53.0,-179.0,1654.0,946.0,629.0
369,1557408118.125806,19.0,22.0,22.0,24.0,54.0,29.0,37.0,16.0,78.0,-46.0,-162.0,1677.0,976.0,625.0
370,1557408118.133997,21.0,22.0,20.0,22.0,54.0,30.0,38.0,18.0,78.0,-46.0,-162.0,1677.0,976.0,625.0
371,1557408118.148652,21.0,22.0,20.0,22.0,54.0,30.0,38.0,18.0,29.0,-27.0,-147.0,1698.0,957.0,647.0
372,1557408118.15613,20.0,23.0,25.0,25.0,56.0,33.0,36.0,18.0,29.0,-27.0,-147.0,1698.0,957.0,647.0
373,1557408118.163265,20.0,23.0,25.0,25.0,56.0,33.0,36.0,18.0,44.0,17.0,-118.0,1687.0,918.0,642.0
374,1557408118.178148,20.0,24.0,26.0,24.0,55.0,31.0,36.0,19.0,44.0,17.0,-118.0,1687.0,918.0,642.0
375,1557408118.185913,20.0,24.0,26.0,24.0,55.0,31.0,36.0,19.0,127.0,66.0,-111.0,1679.0,874.0,653.0
376,1557408118.193281,19.0,21.0,26.0,25.0,74.0,37.0,33.0,20.0,127.0,66.0,-111.0,1679.0,874.0,653.0
377,1557408118.208479,19.0,21.0,26.0,25.0,74.0,37.0,33.0,20.0,259.0,109.0,-116.0,1681.0,860.0,658.0
378,1557408118.215946,20.0,22.0,26.0,26.0,73.0,37.0,28.0,20.0,259.0,109.0,-116.0,1681.0,860.0,658.0
379,1557408118.22331,20.0,22.0,26.0,26.0,73.0,37.0,28.0,20.0,377.0,140.0,-107.0,1656.0,887.0,663.0
380,1557408118.238245,21.0,21.0,25.0,26.0,74.0,36.0,25.0,20.0,377.0,140.0,-107.0,1656.0,887.0,663.0
381,1557408118.254802,21.0,21.0,25.0,26.0,74.0,36.0,25.0,20.0,429.0,175.0,-90.0,1660.0,908.0,659.0
382,1557408118.261074,22.0,21.0,22.0,24.0,73.0,33.0,25.0,20.0,429.0,175.0,-90.0,1660.0,908.0,659.0
383,1557408118.268218,22.0,21.0,22.0,24.0,73.0,33.0,25.0,20.0,463.0,217.0,-78.0,1664.0,897.0,651.0
384,1557408118.275628,22.0,21.0,21.0,24.0,74.0,33.0,25.0,18.0,463.0,217.0,-78.0,1664.0,897.0,651.0
385,1557408118.291158,22.0,21.0,21.0,24.0,74.0,33.0,25.0,18.0,491.0,255.0,-70.0,1641.0,897.0,661.0
386,1557408118.298494,21.0,21.0,22.0,23.0,39.0,27.0,26.0,18.0,491.0,255.0,-70.0,1641.0,897.0,661.0
387,1557408118.306236,21.0,21.0,22.0,23.0,39.0,27.0,26.0,18.0,546.0,317.0,-56.0,1658.0,873.0,639.0
388,1557408118.313158,21.0,21.0,21.0,21.0,38.0,26.0,24.0,17.0,546.0,317.0,-56.0,1658.0,873.0,639.0
389,1557408118.328676,21.0,21.0,21.0,21.0,38.0,26.0,24.0,17.0,683.0,401.0,-46.0,1664.0,833.0,629.0
390,1557408118.343502,17.0,23.0,21.0,22.0,35.0,26.0,22.0,17.0,683.0,401.0,-46.0,1664.0,833.0,629.0
391,1557408118.351679,17.0,23.0,21.0,22.0,35.0,26.0,22.0,17.0,860.0,480.0,-63.0,1649.0,860.0,635.0
392,1557408118.358125,19.0,22.0,21.0,27.0,38.0,28.0,24.0,17.0,860.0,480.0,-63.0,1649.0,860.0,635.0
393,1557408118.365787,19.0,22.0,21.0,27.0,38.0,28.0,24.0,17.0,979.0,507.0,-57.0,1596.0,956.0,651.0
394,1557408118.37317,18.0,22.0,20.0,28.0,38.0,29.0,23.0,17.0,979.0,507.0,-57.0,1596.0,956.0,651.0
395,1557408118.388462,18.0,22.0,20.0,28.0,38.0,29.0,23.0,17.0,955.0,486.0,-16.0,1573.0,1051.0,660.0
396,1557408118.395793,18.0,23.0,20.0,31.0,36.0,25.0,22.0,17.0,955.0,486.0,-16.0,1573.0,1051.0,660.0
397,1557408118.410929,18.0,23.0,20.0,31.0,36.0,25.0,22.0,17.0,806.0,444.0,27.0,1587.0,1109.0,676.0
398,1557408118.418535,20.0,21.0,22.0,34.0,36.0,31.0,22.0,18.0,806.0,444.0,27.0,1587.0,1109.0,676.0
399,1557408118.433394,20.0,21.0,22.0,34.0,36.0,31.0,22.0,18.0,560.0,390.0,66.0,1593.0,1138.0,687.0
