,Gyro 0,Gyro 1,Gyro 2,Label,Orientation 0,Orientation 1,Orientation 2,Orientation 3,Sensor 0,Sensor 1,Sensor 2,Sensor 3,Sensor 4,Sensor 5,Sensor 6,Sensor 7,Timestamp
0,-7.0,15.0,61.0,0.0,1503.0,-5877.0,-10905.0,-10618.0,3.0,-2.0,27.0,1.0,7.0,12.0,9.0,10.0,1.9073486328125e-06
1,-7.0,15.0,61.0,0.0,1503.0,-5877.0,-10905.0,-10618.0,2.0,3.0,-14.0,4.0,8.0,2.0,3.0,5.0,0.0028781890869140625
2,-7.0,15.0,61.0,0.0,1503.0,-5877.0,-10905.0,-10618.0,2.0,3.0,-14.0,4.0,8.0,2.0,3.0,5.0,0.005293130874633789
3,-7.0,15.0,61.0,0.0,1503.0,-5877.0,-10905.0,-10618.0,-7.0,-11.0,-41.0,4.0,-2.0,-8.0,-8.0,-12.0,0.007918834686279297
4,-59.0,16.0,43.0,0.0,1503.0,-5878.0,-10897.0,-10626.0,-7.0,-11.0,-41.0,4.0,-2.0,-8.0,-8.0,-12.0,0.010286331176757812
5,-59.0,16.0,43.0,0.0,1503.0,-5878.0,-10897.0,-10626.0,2.0,2.0,21.0,-2.0,-6.0,-2.0,6.0,8.0,0.0126495361328125
6,-59.0,16.0,43.0,0.0,1503.0,-5878.0,-10897.0,-10626.0,6.0,24.0,-40.0,-10.0,17.0,0.0,-1.0,5.0,0.014944791793823242
7,-37.0,11.0,31.0,0.0,1504.0,-5880.0,-10891.0,-10631.0,6.0,24.0,-40.0,-10.0,17.0,0.0,-1.0,5.0,0.017238140106201172
8,-37.0,11.0,31.0,0.0,1504.0,-5880.0,-10891.0,-10631.0,-4.0,-3.0,-8.0,-4.0,0.0,6.0,3.0,-3.0,0.019596576690673828
9,-37.0,11.0,31.0,0.0,1504.0,-5880.0,-10891.0,-10631.0,-9.0,-16.0,16.0,-2.0,-2.0,-19.0,-7.0,-8.0,0.022501230239868164
10,-22.0,6.0,32.0,0.0,1507.0,-5884.0,-10888.0,-10631.0,-9.0,-16.0,16.0,-2.0,-2.0,-19.0,-7.0,-8.0,0.0251462459564209
11,-22.0,6.0,32.0,0.0,1507.0,-5884.0,-10888.0,-10631.0,3.0,-8.0,-8.0,-6.0,20.0,-6.0,-2.0,9.0,0.027916431427001953
12,-22.0,6.0,32.0,0.0,1507.0,-5884.0,-10888.0,-10631.0,-1.0,-3.0,-17.0,-12.0,-10.0,-4.0,6.0,5.0,0.03022003173828125
13,-48.0,16.0,32.0,0.0,1506.0,-5886.0,-10885.0,-10633.0,-1.0,-3.0,-17.0,-12.0,-10.0,-4.0,6.0,5.0,0.032456159591674805
14,-48.0,16.0,32.0,0.0,1506.0,-5886.0,-10885.0,-10633.0,-5.0,-11.0,-3.0,9.0,-17.0,-18.0,0.0,4.0,0.034844160079956055
15,-48.0,16.0,32.0,0.0,1506.0,-5886.0,-10885.0,-10633.0,2.0,8.0,23.0,8.0,12.0,10.0,-1.0,-7.0,0.037068843841552734
16,-61.0,22.0,22.0,0.0,1504.0,-5886.0,-10879.0,-10640.0,2.0,8.0,23.0,8.0,12.0,10.0,-1.0,-7.0,0.03931164741516113
17,-61.0,22.0,22.0,0.0,1504.0,-5886.0,-10879.0,-10640.0,-3.0,-1.0,10.0,8.0,-7.0,5.0,-6.0,-1.0,0.041696786880493164
18,-61.0,22.0,22.0,0.0,1504.0,-5886.0,-10879.0,-10640.0,-2.0,-6.0,-25.0,-1.0,-19.0,-20.0,-3.0,-5.0,0.04395890235900879
19,-37.0,12.0,19.0,0.0,1504.0,-5887.0,-10875.0,-10643.0,-2.0,-6.0,-25.0,-1.0,-19.0,-20.0,-3.0,-5.0,0.04623293876647949
20,-37.0,12.0,19.0,0.0,1504.0,-5887.0,-10875.0,-10643.0,-4.0,2.0,-19.0,-2.0,-3.0,-13.0,-10.0,-12.0,0.0485379695892334
21,-37.0,12.0,19.0,0.0,1504.0,-5887.0,-10875.0,-10643.0,1.0,-1.0,20.0,-4.0,11.0,5.0,-2.0,1.0,0.050934553146362305
22,-20.0,12.0,26.0,0.0,1505.0,-5889.0,-10874.0,-10642.0,1.0,-1.0,20.0,-4.0,11.0,5.0,-2.0,1.0,0.05320858955383301
23,-20.0,12.0,26.0,0.0,1505.0,-5889.0,-10874.0,-10642.0,5.0,6.0,1.0,-6.0,16.0,14.0,0.0,12.0,0.05584597587585449
24,-20.0,12.0,26.0,0.0,1505.0,-5889.0,-10874.0,-10642.0,1.0,1.0,0.0,-2.0,-46.0,-1.0,24.0,4.0,0.05849432945251465
25,-23.0,7.0,29.0,0.0,1505.0,-5892.0,-10873.0,-10643.0,1.0,1.0,0.0,-2.0,-46.0,-1.0,24.0,4.0,0.06076526641845703
26,-23.0,7.0,29.0,0.0,1505.0,-5892.0,-10873.0,-10643.0,1.0,9.0,-4.0,-2.0,-1.0,7.0,6.0,-7.0,0.06310129165649414
27,-23.0,7.0,29.0,0.0,1505.0,-5892.0,-10873.0,-10643.0,5.0,13.0,8.0,-10.0,-24.0,2.0,-18.0,-4.0,0.06538891792297363
28,-32.0,5.0,29.0,0.0,1504.0,-5893.0,-10869.0,-10646.0,5.0,13.0,8.0,-10.0,-24.0,2.0,-18.0,-4.0,0.06766366958618164
29,-32.0,5.0,29.0,0.0,1504.0,-5893.0,-10869.0,-10646.0,1.0,5.0,39.0,-3.0,3.0,1.0,-16.0,-6.0,0.06997418403625488
30,-32.0,5.0,29.0,0.0,1504.0,-5893.0,-10869.0,-10646.0,-4.0,-16.0,7.0,4.0,12.0,7.0,4.0,5.0,0.07223725318908691
31,-49.0,6.0,21.0,0.0,1503.0,-5895.0,-10864.0,-10650.0,-4.0,-16.0,7.0,4.0,12.0,7.0,4.0,5.0,0.07450270652770996
32,-49.0,6.0,21.0,0.0,1503.0,-5895.0,-10864.0,-10650.0,-2.0,-1.0,-9.0,-1.0,-6.0,-9.0,-7.0,-13.0,0.07681608200073242
33,-49.0,6.0,21.0,0.0,1503.0,-5895.0,-10864.0,-10650.0,0.0,5.0,27.0,-5.0,22.0,6.0,4.0,2.0,0.07905364036560059
34,-37.0,-5.0,27.0,0.0,1502.0,-5900.0,-10859.0,-10652.0,0.0,5.0,27.0,-5.0,22.0,6.0,4.0,2.0,0.08131766319274902
35,-37.0,-5.0,27.0,0.0,1502.0,-5900.0,-10859.0,-10652.0,-5.0,-9.0,11.0,4.0,-27.0,-30.0,-1.0,-5.0,0.08373761177062988
36,-37.0,-5.0,27.0,0.0,1502.0,-5900.0,-10859.0,-10652.0,4.0,14.0,3.0,2.0,7.0,1.0,-9.0,-6.0,0.08616471290588379
37,-23.0,-11.0,31.0,0.0,1502.0,-5907.0,-10858.0,-10649.0,4.0,14.0,3.0,2.0,7.0,1.0,-9.0,-6.0,0.08884286880493164
38,-23.0,-11.0,31.0,0.0,1502.0,-5907.0,-10858.0,-10649.0,-1.0,5.0,15.0,-3.0,21.0,5.0,14.0,-1.0,0.09136819839477539
39,-23.0,-11.0,31.0,0.0,1502.0,-5907.0,-10858.0,-10649.0,-6.0,-10.0,-6.0,-1.0,0.0,5.0,-2.0,0.0,0.09361004829406738
40,-40.0,-16.0,31.0,0.0,1500.0,-5913.0,-10854.0,-10651.0,-6.0,-10.0,-6.0,-1.0,0.0,5.0,-2.0,0.0,0.09590005874633789
41,-40.0,-16.0,31.0,0.0,1500.0,-5913.0,-10854.0,-10651.0,4.0,6.0,-12.0,2.0,1.0,12.0,-1.0,-2.0,0.09821844100952148
42,-40.0,-16.0,31.0,0.0,1500.0,-5913.0,-10854.0,-10651.0,-3.0,-6.0,-40.0,-2.0,-17.0,-3.0,2.0,-4.0,0.10045647621154785
43,-26.0,-16.0,37.0,0.0,1502.0,-5921.0,-10850.0,-10650.0,-3.0,-6.0,-40.0,-2.0,-17.0,-3.0,2.0,-4.0,0.1027212142944336
44,-26.0,-16.0,37.0,0.0,1502.0,-5921.0,-10850.0,-10650.0,-1.0,7.0,16.0,-13.0,26.0,6.0,-13.0,-3.0,0.10504555702209473
45,-26.0,-16.0,37.0,0.0,1502.0,-5921.0,-10850.0,-10650.0,1.0,-4.0,11.0,6.0,14.0,-1.0,-4.0,-4.0,0.10731983184814453
46,-6.0,-26.0,39.0,0.0,1504.0,-5930.0,-10847.0,-10647.0,1.0,-4.0,11.0,6.0,14.0,-1.0,-4.0,-4.0,0.10957932472229004
47,-6.0,-26.0,39.0,0.0,1504.0,-5930.0,-10847.0,-10647.0,-6.0,-16.0,-29.0,4.0,-5.0,-11.0,-3.0,-7.0,0.11196541786193848
48,-6.0,-26.0,39.0,0.0,1504.0,-5930.0,-10847.0,-10647.0,2.0,9.0,61.0,6.0,-26.0,-10.0,5.0,-4.0,0.11423683166503906
49,43.0,-15.0,32.0,0.0,1507.0,-5935.0,-10853.0,-10638.0,2.0,9.0,61.0,6.0,-26.0,-10.0,5.0,-4.0,0.11655855178833008
50,43.0,-15.0,32.0,0.0,1507.0,-5935.0,-10853.0,-10638.0,6.0,-5.0,-59.0,-5.0,5.0,15.0,-11.0,6.0,0.11949491500854492
51,43.0,-15.0,32.0,0.0,1507.0,-5935.0,-10853.0,-10638.0,-6.0,-11.0,-15.0,3.0,-26.0,-7.0,-23.0,-15.0,0.12206506729125977
52,27.0,-8.0,44.0,0.0,1507.0,-5938.0,-10859.0,-10630.0,-6.0,-11.0,-15.0,3.0,-26.0,-7.0,-23.0,-15.0,0.12440752983093262
53,27.0,-8.0,44.0,0.0,1507.0,-5938.0,-10859.0,-10630.0,-5.0,-8.0,-8.0,2.0,-3.0,22.0,5.0,8.0,0.12680649757385254
54,27.0,-8.0,44.0,0.0,1507.0,-5938.0,-10859.0,-10630.0,4.0,9.0,-13.0,-3.0,7.0,-1.0,5.0,10.0,0.1290602684020996
55,-45.0,-11.0,55.0,0.0,1505.0,-5945.0,-10854.0,-10633.0,4.0,9.0,-13.0,-3.0,7.0,-1.0,5.0,10.0,0.1313796043395996
56,-45.0,-11.0,55.0,0.0,1505.0,-5945.0,-10854.0,-10633.0,-6.0,-7.0,-7.0,-2.0,-7.0,-6.0,12.0,4.0,0.1338050365447998
57,-45.0,-11.0,55.0,0.0,1505.0,-5945.0,-10854.0,-10633.0,-4.0,-2.0,5.0,-6.0,9.0,-22.0,3.0,5.0,0.13605999946594238
58,-59.0,-19.0,63.0,0.0,1507.0,-5955.0,-10843.0,-10638.0,-4.0,-2.0,5.0,-6.0,9.0,-22.0,3.0,5.0,0.13832664489746094
59,-59.0,-19.0,63.0,0.0,1507.0,-5955.0,-10843.0,-10638.0,3.0,-1.0,28.0,3.0,12.0,2.0,-2.0,-2.0,0.14064240455627441
60,-59.0,-19.0,63.0,0.0,1507.0,-5955.0,-10843.0,-10638.0,0.0,-8.0,-20.0,-1.0,7.0,9.0,10.0,8.0,0.14293217658996582
61,-9.0,-8.0,61.0,0.0,1513.0,-5964.0,-10838.0,-10636.0,0.0,-8.0,-20.0,-1.0,7.0,9.0,10.0,8.0,0.14520740509033203
62,-9.0,-8.0,61.0,0.0,1513.0,-5964.0,-10838.0,-10636.0,4.0,18.0,71.0,6.0,-18.0,-11.0,-4.0,1.0,0.14757037162780762
63,-9.0,-8.0,61.0,0.0,1513.0,-5964.0,-10838.0,-10636.0,0.0,11.0,13.0,-2.0,-5.0,-16.0,0.0,-1.0,0.15072917938232422
64,9.0,-7.0,77.0,0.0,1517.0,-5971.0,-10838.0,-10632.0,0.0,11.0,13.0,-2.0,-5.0,-16.0,0.0,-1.0,0.15330147743225098
65,9.0,-7.0,77.0,0.0,1517.0,-5971.0,-10838.0,-10632.0,-2.0,-6.0,-5.0,4.0,5.0,6.0,11.0,-1.0,0.15564227104187012
66,9.0,-7.0,77.0,0.0,1517.0,-5971.0,-10838.0,-10632.0,0.0,-3.0,2.0,4.0,6.0,3.0,7.0,3.0,0.15797638893127441
67,-68.0,-2.0,69.0,0.0,1516.0,-5978.0,-10828.0,-10638.0,0.0,-3.0,2.0,4.0,6.0,3.0,7.0,3.0,0.1603536605834961
68,-68.0,-2.0,69.0,0.0,1516.0,-5978.0,-10828.0,-10638.0,-2.0,4.0,-5.0,-8.0,10.0,-32.0,-20.0,-5.0,0.16270804405212402
69,-68.0,-2.0,69.0,0.0,1516.0,-5978.0,-10828.0,-10638.0,12.0,27.0,3.0,-18.0,23.0,17.0,5.0,9.0,0.16495752334594727
70,-76.0,-4.0,46.0,0.0,1515.0,-5984.0,-10817.0,-10647.0,12.0,27.0,3.0,-18.0,23.0,17.0,5.0,9.0,0.1672055721282959
71,-76.0,-4.0,46.0,0.0,1515.0,-5984.0,-10817.0,-10647.0,-2.0,-6.0,-29.0,0.0,22.0,14.0,6.0,-2.0,0.16953229904174805
72,-76.0,-4.0,46.0,0.0,1515.0,-5984.0,-10817.0,-10647.0,-9.0,-9.0,4.0,12.0,-4.0,-8.0,-21.0,-5.0,0.17181658744812012
73,-6.0,0.0,1.0,0.0,1515.0,-5985.0,-10817.0,-10646.0,-9.0,-9.0,4.0,12.0,-4.0,-8.0,-21.0,-5.0,0.17409110069274902
74,-6.0,0.0,1.0,0.0,1515.0,-5985.0,-10817.0,-10646.0,-3.0,-1.0,1.0,0.0,-7.0,6.0,4.0,0.0,0.1763932704925537
75,-6.0,0.0,1.0,0.0,1515.0,-5985.0,-10817.0,-10646.0,-1.0,2.0,32.0,3.0,-8.0,10.0,-8.0,-13.0,0.17864346504211426
76,8.0,-8.0,4.0,0.0,1515.0,-5985.0,-10818.0,-10645.0,-1.0,2.0,32.0,3.0,-8.0,10.0,-8.0,-13.0,0.18122196197509766
77,8.0,-8.0,4.0,0.0,1515.0,-5985.0,-10818.0,-10645.0,-5.0,-11.0,1.0,3.0,-19.0,-14.0,-24.0,-15.0,0.18396329879760742
78,8.0,-8.0,4.0,0.0,1515.0,-5985.0,-10818.0,-10645.0,-4.0,-1.0,-38.0,-4.0,-10.0,6.0,-1.0,-6.0,0.1862635612487793
79,-2.0,-8.0,8.0,0.0,1514.0,-5984.0,-10818.0,-10645.0,-4.0,-1.0,-38.0,-4.0,-10.0,6.0,-1.0,-6.0,0.1885378360748291
80,-2.0,-8.0,8.0,0.0,1514.0,-5984.0,-10818.0,-10645.0,-4.0,2.0,15.0,1.0,-6.0,20.0,1.0,-10.0,0.1908578872680664
81,-2.0,-8.0,8.0,0.0,1514.0,-5984.0,-10818.0,-10645.0,0.0,-8.0,-5.0,-3.0,10.0,-9.0,-10.0,-2.0,0.19311094284057617
82,-18.0,-9.0,3.0,0.0,1511.0,-5985.0,-10818.0,-10646.0,0.0,-8.0,-5.0,-3.0,10.0,-9.0,-10.0,-2.0,0.19538378715515137
83,-18.0,-9.0,3.0,0.0,1511.0,-5985.0,-10818.0,-10646.0,-4.0,-2.0,4.0,-7.0,-25.0,-14.0,8.0,3.0,0.19770097732543945
84,-18.0,-9.0,3.0,0.0,1511.0,-5985.0,-10818.0,-10646.0,-2.0,-10.0,-8.0,10.0,-8.0,6.0,6.0,0.0,0.19992923736572266
85,-15.0,-15.0,-14.0,0.0,1511.0,-5985.0,-10818.0,-10646.0,-2.0,-10.0,-8.0,10.0,-8.0,6.0,6.0,0.0,0.20217490196228027
86,-15.0,-15.0,-14.0,0.0,1511.0,-5985.0,-10818.0,-10646.0,-8.0,-18.0,16.0,2.0,0.0,6.0,-7.0,-9.0,0.20450901985168457
87,-15.0,-15.0,-14.0,0.0,1511.0,-5985.0,-10818.0,-10646.0,4.0,2.0,28.0,2.0,16.0,19.0,6.0,6.0,0.20674920082092285
88,9.0,-15.0,-16.0,0.0,1510.0,-5985.0,-10818.0,-10645.0,4.0,2.0,28.0,2.0,16.0,19.0,6.0,6.0,0.2090458869934082
89,9.0,-15.0,-16.0,0.0,1510.0,-5985.0,-10818.0,-10645.0,3.0,6.0,-16.0,4.0,-14.0,-12.0,2.0,6.0,0.2115466594696045
90,9.0,-15.0,-16.0,0.0,1510.0,-5985.0,-10818.0,-10645.0,2.0,-6.0,-10.0,-6.0,-13.0,-8.0,-8.0,-7.0,0.2141435146331787
91,9.0,-9.0,2.0,0.0,1510.0,-5985.0,-10819.0,-10645.0,2.0,-6.0,-10.0,-6.0,-13.0,-8.0,-8.0,-7.0,0.21652007102966309
92,9.0,-9.0,2.0,0.0,1510.0,-5985.0,-10819.0,-10645.0,1.0,3.0,2.0,-2.0,3.0,8.0,4.0,7.0,0.21888017654418945
93,9.0,-9.0,2.0,0.0,1510.0,-5985.0,-10819.0,-10645.0,-1.0,-6.0,-16.0,-6.0,-6.0,-14.0,8.0,3.0,0.2211294174194336
94,-16.0,0.0,0.0,0.0,1509.0,-5985.0,-10819.0,-10644.0,-1.0,-6.0,-16.0,-6.0,-6.0,-14.0,8.0,3.0,0.22338366508483887
95,-16.0,0.0,0.0,0.0,1509.0,-5985.0,-10819.0,-10644.0,2.0,2.0,0.0,-2.0,-20.0,-8.0,9.0,11.0,0.22570538520812988
96,-16.0,0.0,0.0,0.0,1509.0,-5985.0,-10819.0,-10644.0,-6.0,-12.0,5.0,5.0,-10.0,2.0,-7.0,-6.0,0.22795939445495605
97,-51.0,2.0,1.0,0.0,1506.0,-5985.0,-10813.0,-10651.0,-6.0,-12.0,5.0,5.0,-10.0,2.0,-7.0,-6.0,0.23020315170288086
98,-51.0,2.0,1.0,0.0,1506.0,-5985.0,-10813.0,-10651.0,3.0,7.0,19.0,-7.0,11.0,3.0,3.0,9.0,0.23264002799987793
99,-51.0,2.0,1.0,0.0,1506.0,-5985.0,-10813.0,-10651.0,-3.0,2.0,-1.0,2.0,6.0,-6.0,-15.0,-5.0,0.2350757122039795
100,-24.0,-14.0,-7.0,0.0,1504.0,-5989.0,-10811.0,-10651.0,-3.0,2.0,-1.0,2.0,6.0,-6.0,-15.0,-5.0,0.23731660842895508
101,-24.0,-14.0,-7.0,0.0,1504.0,-5989.0,-10811.0,-10651.0,-1.0,1.0,-18.0,3.0,28.0,3.0,9.0,-3.0,0.2396235466003418
102,-24.0,-14.0,-7.0,0.0,1504.0,-5989.0,-10811.0,-10651.0,-5.0,-8.0,-20.0,-1.0,13.0,8.0,-10.0,4.0,0.24190974235534668
103,-1.0,-20.0,12.0,0.0,1501.0,-5993.0,-10814.0,-10647.0,-5.0,-8.0,-20.0,-1.0,13.0,8.0,-10.0,4.0,0.24442601203918457
104,-1.0,-20.0,12.0,0.0,1501.0,-5993.0,-10814.0,-10647.0,0.0,-8.0,-18.0,5.0,15.0,11.0,-1.0,-2.0,0.24712181091308594
105,-1.0,-20.0,12.0,0.0,1501.0,-5993.0,-10814.0,-10647.0,2.0,2.0,-3.0,4.0,-22.0,-9.0,19.0,17.0,0.24967050552368164
106,-24.0,-8.0,22.0,0.0,1497.0,-5994.0,-10813.0,-10647.0,2.0,2.0,-3.0,4.0,-22.0,-9.0,19.0,17.0,0.2519557476043701
107,-24.0,-8.0,22.0,0.0,1497.0,-5994.0,-10813.0,-10647.0,-5.0,-2.0,0.0,-3.0,-3.0,0.0,-7.0,-9.0,0.254396915435791
108,-24.0,-8.0,22.0,0.0,1497.0,-5994.0,-10813.0,-10647.0,3.0,-5.0,-13.0,5.0,5.0,9.0,6.0,5.0,0.25667428970336914
109,-21.0,-9.0,26.0,0.0,1495.0,-5998.0,-10812.0,-10647.0,3.0,-5.0,-13.0,5.0,5.0,9.0,6.0,5.0,0.25893545150756836
110,-21.0,-9.0,26.0,0.0,1495.0,-5998.0,-10812.0,-10647.0,7.0,7.0,-5.0,-6.0,0.0,4.0,14.0,12.0,0.26128101348876953
111,-21.0,-9.0,26.0,0.0,1495.0,-5998.0,-10812.0,-10647.0,-2.0,6.0,13.0,-2.0,29.0,0.0,0.0,-7.0,0.2635152339935303
112,-26.0,-6.0,25.0,0.0,1496.0,-6002.0,-10808.0,-10648.0,-2.0,6.0,13.0,-2.0,29.0,0.0,0.0,-7.0,0.2657952308654785
113,-26.0,-6.0,25.0,0.0,1496.0,-6002.0,-10808.0,-10648.0,-2.0,3.0,-11.0,-7.0,-1.0,13.0,4.0,4.0,0.2681605815887451
114,-26.0,-6.0,25.0,0.0,1496.0,-6002.0,-10808.0,-10648.0,-1.0,-10.0,-31.0,2.0,5.0,12.0,10.0,0.0,0.2704031467437744
115,-33.0,-8.0,6.0,0.0,1493.0,-6004.0,-10804.0,-10652.0,-1.0,-10.0,-31.0,2.0,5.0,12.0,10.0,0.0,0.27266550064086914
116,-33.0,-8.0,6.0,0.0,1493.0,-6004.0,-10804.0,-10652.0,-6.0,-8.0,-17.0,-10.0,-20.0,-22.0,5.0,-2.0,0.27532505989074707
117,-33.0,-8.0,6.0,0.0,1493.0,-6004.0,-10804.0,-10652.0,0.0,1.0,-9.0,-12.0,-23.0,-16.0,-4.0,-2.0,0.2778799533843994
118,-26.0,-13.0,2.0,0.0,1489.0,-6006.0,-10803.0,-10652.0,0.0,1.0,-9.0,-12.0,-23.0,-16.0,-4.0,-2.0,0.2801523208618164
119,-26.0,-13.0,2.0,0.0,1489.0,-6006.0,-10803.0,-10652.0,-1.0,5.0,43.0,6.0,-28.0,-7.0,-13.0,-6.0,0.28248119354248047
120,-26.0,-13.0,2.0,0.0,1489.0,-6006.0,-10803.0,-10652.0,2.0,7.0,-12.0,-1.0,7.0,18.0,3.0,8.0,0.2853729724884033
121,-21.0,-11.0,3.0,0.0,1483.0,-6007.0,-10805.0,-10650.0,2.0,7.0,-12.0,-1.0,7.0,18.0,3.0,8.0,0.2876865863800049
122,-21.0,-11.0,3.0,0.0,1483.0,-6007.0,-10805.0,-10650.0,0.0,-1.0,22.0,3.0,13.0,-10.0,-4.0,-7.0,0.2900390625
123,-21.0,-11.0,3.0,0.0,1483.0,-6007.0,-10805.0,-10650.0,-4.0,2.0,5.0,-2.0,26.0,19.0,-4.0,-16.0,0.2923424243927002
124,-39.0,-20.0,13.0,0.0,1475.0,-6010.0,-10805.0,-10649.0,-4.0,2.0,5.0,-2.0,26.0,19.0,-4.0,-16.0,0.2946131229400635
125,-39.0,-20.0,13.0,0.0,1475.0,-6010.0,-10805.0,-10649.0,2.0,-1.0,-15.0,5.0,4.0,2.0,-6.0,-3.0,0.29694294929504395
126,-39.0,-20.0,13.0,0.0,1475.0,-6010.0,-10805.0,-10649.0,-3.0,-5.0,-19.0,-8.0,-23.0,-16.0,5.0,10.0,0.29923152923583984
127,-45.0,-9.0,15.0,0.0,1470.0,-6012.0,-10802.0,-10653.0,-3.0,-5.0,-19.0,-8.0,-23.0,-16.0,5.0,10.0,0.30150556564331055
128,-45.0,-9.0,15.0,0.0,1470.0,-6012.0,-10802.0,-10653.0,-6.0,-9.0,-6.0,3.0,-8.0,-21.0,-19.0,-5.0,0.3038828372955322
129,-45.0,-9.0,15.0,0.0,1470.0,-6012.0,-10802.0,-10653.0,-1.0,-1.0,23.0,9.0,10.0,8.0,3.0,-4.0,0.3064920902252197
130,-44.0,-7.0,11.0,0.0,1465.0,-6014.0,-10797.0,-10657.0,-1.0,-1.0,23.0,9.0,10.0,8.0,3.0,-4.0,0.30904173851013184
131,-44.0,-7.0,11.0,0.0,1465.0,-6014.0,-10797.0,-10657.0,1.0,-2.0,-8.0,4.0,16.0,6.0,13.0,15.0,0.3114197254180908
132,-44.0,-7.0,11.0,0.0,1465.0,-6014.0,-10797.0,-10657.0,-8.0,-11.0,-10.0,5.0,-23.0,-6.0,-5.0,12.0,0.3137094974517822
133,-40.0,-21.0,9.0,0.0,1461.0,-6017.0,-10792.0,-10661.0,-8.0,-11.0,-10.0,5.0,-23.0,-6.0,-5.0,12.0,0.31595826148986816
134,-40.0,-21.0,9.0,0.0,1461.0,-6017.0,-10792.0,-10661.0,-1.0,2.0,-28.0,-7.0,15.0,7.0,-5.0,-6.0,0.3183424472808838
135,-40.0,-21.0,9.0,0.0,1461.0,-6017.0,-10792.0,-10661.0,0.0,3.0,-3.0,-4.0,-10.0,-12.0,-2.0,-7.0,0.3206140995025635
136,-25.0,-25.0,1.0,0.0,1455.0,-6020.0,-10791.0,-10661.0,0.0,3.0,-3.0,-4.0,-10.0,-12.0,-2.0,-7.0,0.32286643981933594
137,-25.0,-25.0,1.0,0.0,1455.0,-6020.0,-10791.0,-10661.0,6.0,-1.0,0.0,-10.0,2.0,-16.0,-10.0,-4.0,0.325183629989624
138,-25.0,-25.0,1.0,0.0,1455.0,-6020.0,-10791.0,-10661.0,-5.0,0.0,8.0,4.0,4.0,-5.0,0.0,-8.0,0.3274722099304199
139,-24.0,-24.0,-4.0,0.0,1449.0,-6022.0,-10790.0,-10662.0,-5.0,0.0,8.0,4.0,4.0,-5.0,0.0,-8.0,0.3297457695007324
140,-24.0,-24.0,-4.0,0.0,1449.0,-6022.0,-10790.0,-10662.0,2.0,18.0,49.0,11.0,-3.0,5.0,11.0,12.0,0.332061767578125
141,-24.0,-24.0,-4.0,0.0,1449.0,-6022.0,-10790.0,-10662.0,-3.0,-3.0,12.0,4.0,-16.0,-6.0,-17.0,-16.0,0.33436036109924316
142,-22.0,-19.0,-10.0,0.0,1443.0,-6022.0,-10790.0,-10663.0,-3.0,-3.0,12.0,4.0,-16.0,-6.0,-17.0,-16.0,0.3368818759918213
143,-22.0,-19.0,-10.0,0.0,1443.0,-6022.0,-10790.0,-10663.0,-1.0,-4.0,11.0,6.0,-8.0,2.0,-3.0,0.0,0.33952832221984863
144,-22.0,-19.0,-10.0,0.0,1443.0,-6022.0,-10790.0,-10663.0,7.0,0.0,-6.0,-5.0,16.0,0.0,17.0,13.0,0.34198856353759766
145,-20.0,-11.0,0.0,0.0,1439.0,-6024.0,-10789.0,-10663.0,7.0,0.0,-6.0,-5.0,16.0,0.0,17.0,13.0,0.3442237377166748
146,-20.0,-11.0,0.0,0.0,1439.0,-6024.0,-10789.0,-10663.0,-1.0,-8.0,-6.0,0.0,-18.0,4.0,4.0,-4.0,0.3465430736541748
147,-20.0,-11.0,0.0,0.0,1439.0,-6024.0,-10789.0,-10663.0,-1.0,-4.0,-15.0,0.0,20.0,5.0,5.0,-3.0,0.34879589080810547
148,-38.0,-12.0,0.0,0.0,1433.0,-6026.0,-10788.0,-10664.0,-1.0,-4.0,-15.0,0.0,20.0,5.0,5.0,-3.0,0.35106563568115234
149,-38.0,-12.0,0.0,0.0,1433.0,-6026.0,-10788.0,-10664.0,0.0,4.0,2.0,-10.0,-29.0,-2.0,-1.0,-3.0,0.3534259796142578
150,-38.0,-12.0,0.0,0.0,1433.0,-6026.0,-10788.0,-10664.0,2.0,19.0,26.0,-11.0,2.0,-6.0,0.0,5.0,0.35566258430480957
151,-40.0,-3.0,-2.0,0.0,1429.0,-6026.0,-10785.0,-10668.0,2.0,19.0,26.0,-11.0,2.0,-6.0,0.0,5.0,0.357926607131958
152,-40.0,-3.0,-2.0,0.0,1429.0,-6026.0,-10785.0,-10668.0,-2.0,-4.0,-11.0,0.0,12.0,5.0,-7.0,-11.0,0.36039161682128906
153,-40.0,-3.0,-2.0,0.0,1429.0,-6026.0,-10785.0,-10668.0,-3.0,-4.0,3.0,2.0,-18.0,1.0,-2.0,2.0,0.3626539707183838
154,-19.0,6.0,-5.0,0.0,1427.0,-6025.0,-10784.0,-10669.0,-3.0,-4.0,3.0,2.0,-18.0,1.0,-2.0,2.0,0.36493396759033203
155,-19.0,6.0,-5.0,0.0,1427.0,-6025.0,-10784.0,-10669.0,-7.0,-8.0,-13.0,-5.0,-14.0,-11.0,1.0,-6.0,0.36756467819213867
156,-19.0,6.0,-5.0,0.0,1427.0,-6025.0,-10784.0,-10669.0,8.0,3.0,24.0,2.0,-1.0,0.0,9.0,12.0,0.3702559471130371
157,-27.0,-2.0,10.0,0.0,1425.0,-6027.0,-10782.0,-10670.0,8.0,3.0,24.0,2.0,-1.0,0.0,9.0,12.0,0.37262725830078125
158,-27.0,-2.0,10.0,0.0,1425.0,-6027.0,-10782.0,-10670.0,-5.0,-7.0,-4.0,7.0,18.0,-9.0,-20.0,-19.0,0.37496089935302734
159,-27.0,-2.0,10.0,0.0,1425.0,-6027.0,-10782.0,-10670.0,-5.0,-4.0,3.0,-1.0,-26.0,-7.0,-4.0,-6.0,0.3772242069244385
160,-37.0,4.0,10.0,0.0,1424.0,-6028.0,-10778.0,-10674.0,-5.0,-4.0,3.0,-1.0,-26.0,-7.0,-4.0,-6.0,0.379497766494751
161,-37.0,4.0,10.0,0.0,1424.0,-6028.0,-10778.0,-10674.0,-1.0,-1.0,-8.0,-14.0,3.0,-28.0,-21.0,-11.0,0.3818628787994385
162,-37.0,4.0,10.0,0.0,1424.0,-6028.0,-10778.0,-10674.0,4.0,5.0,-31.0,-5.0,9.0,4.0,4.0,-1.0,0.3841125965118408
163,-16.0,17.0,-1.0,0.0,1424.0,-6026.0,-10777.0,-10676.0,4.0,5.0,-31.0,-5.0,9.0,4.0,4.0,-1.0,0.38637709617614746
164,-16.0,17.0,-1.0,0.0,1424.0,-6026.0,-10777.0,-10676.0,0.0,-13.0,-27.0,11.0,14.0,24.0,22.0,19.0,0.38895606994628906
165,-16.0,17.0,-1.0,0.0,1424.0,-6026.0,-10777.0,-10676.0,-1.0,0.0,-6.0,3.0,14.0,-10.0,-15.0,-11.0,0.39120912551879883
166,-6.0,23.0,-10.0,0.0,1423.0,-6021.0,-10779.0,-10677.0,-1.0,0.0,-6.0,3.0,14.0,-10.0,-15.0,-11.0,0.39345502853393555
167,-6.0,23.0,-10.0,0.0,1423.0,-6021.0,-10779.0,-10677.0,-1.0,-5.0,-5.0,7.0,25.0,10.0,2.0,11.0,0.3958122730255127
168,-6.0,23.0,-10.0,0.0,1423.0,-6021.0,-10779.0,-10677.0,-7.0,-6.0,7.0,-3.0,3.0,14.0,-3.0,-6.0,0.3982429504394531
169,2.0,5.0,0.0,0.0,1422.0,-6021.0,-10779.0,-10677.0,-7.0,-6.0,7.0,-3.0,3.0,14.0,-3.0,-6.0,0.40089845657348633
170,2.0,5.0,0.0,0.0,1422.0,-6021.0,-10779.0,-10677.0,6.0,11.0,4.0,-6.0,-3.0,-23.0,1.0,8.0,0.40337610244750977
171,2.0,5.0,0.0,0.0,1422.0,-6021.0,-10779.0,-10677.0,3.0,-1.0,4.0,1.0,18.0,7.0,-10.0,15.0,0.40563225746154785
172,-37.0,6.0,3.0,0.0,1418.0,-6019.0,-10777.0,-10681.0,3.0,-1.0,4.0,1.0,18.0,7.0,-10.0,15.0,0.40787553787231445
173,-37.0,6.0,3.0,0.0,1418.0,-6019.0,-10777.0,-10681.0,-4.0,0.0,3.0,-16.0,-10.0,3.0,17.0,-6.0,0.4102013111114502
174,-37.0,6.0,3.0,0.0,1418.0,-6019.0,-10777.0,-10681.0,-3.0,-5.0,-7.0,-1.0,26.0,4.0,18.0,8.0,0.4125394821166992
175,-33.0,12.0,14.0,0.0,1417.0,-6020.0,-10774.0,-10684.0,-3.0,-5.0,-7.0,-1.0,26.0,4.0,18.0,8.0,0.41478848457336426
176,-33.0,12.0,14.0,0.0,1417.0,-6020.0,-10774.0,-10684.0,-1.0,1.0,0.0,5.0,-13.0,6.0,-2.0,-4.0,0.4171264171600342
177,-33.0,12.0,14.0,0.0,1417.0,-6020.0,-10774.0,-10684.0,1.0,2.0,19.0,4.0,5.0,4.0,3.0,1.0,0.41976261138916016
178,-27.0,22.0,15.0,0.0,1418.0,-6019.0,-10771.0,-10687.0,1.0,2.0,19.0,4.0,5.0,4.0,3.0,1.0,0.4220590591430664
179,-27.0,22.0,15.0,0.0,1418.0,-6019.0,-10771.0,-10687.0,1.0,6.0,25.0,-12.0,-6.0,-4.0,-5.0,-4.0,0.424389123916626
180,-27.0,22.0,15.0,0.0,1418.0,-6019.0,-10771.0,-10687.0,-3.0,-5.0,-6.0,0.0,-15.0,-5.0,-2.0,1.0,0.4267098903656006
181,-10.0,13.0,21.0,0.0,1421.0,-6020.0,-10770.0,-10687.0,-3.0,-5.0,-6.0,0.0,-15.0,-5.0,-2.0,1.0,0.4291195869445801
182,-10.0,13.0,21.0,0.0,1421.0,-6020.0,-10770.0,-10687.0,0.0,-3.0,-4.0,-1.0,-5.0,-24.0,6.0,-9.0,0.4318077564239502
183,-10.0,13.0,21.0,0.0,1421.0,-6020.0,-10770.0,-10687.0,-2.0,2.0,1.0,-2.0,-14.0,1.0,15.0,6.0,0.4342498779296875
184,-31.0,11.0,28.0,0.0,1422.0,-6022.0,-10766.0,-10690.0,-2.0,2.0,1.0,-2.0,-14.0,1.0,15.0,6.0,0.4365074634552002
185,-31.0,11.0,28.0,0.0,1422.0,-6022.0,-10766.0,-10690.0,-8.0,-9.0,-35.0,2.0,2.0,11.0,-2.0,1.0,0.4388296604156494
186,-31.0,11.0,28.0,0.0,1422.0,-6022.0,-10766.0,-10690.0,2.0,-8.0,-8.0,4.0,19.0,-10.0,-9.0,-18.0,0.44106149673461914
187,-24.0,19.0,9.0,0.0,1421.0,-6019.0,-10764.0,-10693.0,2.0,-8.0,-8.0,4.0,19.0,-10.0,-9.0,-18.0,0.4433276653289795
188,-24.0,19.0,9.0,0.0,1421.0,-6019.0,-10764.0,-10693.0,-2.0,-8.0,-15.0,-7.0,18.0,8.0,-1.0,8.0,0.4456484317779541
189,-24.0,19.0,9.0,0.0,1421.0,-6019.0,-10764.0,-10693.0,-3.0,-2.0,6.0,4.0,-22.0,-10.0,-9.0,-6.0,0.44791674613952637
190,15.0,26.0,16.0,0.0,1423.0,-6017.0,-10768.0,-10691.0,-3.0,-2.0,6.0,4.0,-22.0,-10.0,-9.0,-6.0,0.45023131370544434
191,15.0,26.0,16.0,0.0,1423.0,-6017.0,-10768.0,-10691.0,3.0,1.0,5.0,1.0,3.0,5.0,-7.0,3.0,0.4525625705718994
192,15.0,26.0,16.0,0.0,1423.0,-6017.0,-10768.0,-10691.0,-2.0,-5.0,-7.0,9.0,10.0,-9.0,4.0,-1.0,0.45485949516296387
193,-11.0,28.0,3.0,0.0,1424.0,-6013.0,-10768.0,-10692.0,-2.0,-5.0,-7.0,9.0,10.0,-9.0,4.0,-1.0,0.45710015296936035
194,-11.0,28.0,3.0,0.0,1424.0,-6013.0,-10768.0,-10692.0,2.0,2.0,5.0,1.0,-10.0,10.0,9.0,-3.0,0.45996832847595215
195,-11.0,28.0,3.0,0.0,1424.0,-6013.0,-10768.0,-10692.0,-4.0,-9.0,12.0,2.0,-4.0,-5.0,-15.0,-11.0,0.46256017684936523
196,-24.0,23.0,-4.0,0.0,1424.0,-6010.0,-10767.0,-10695.0,-4.0,-9.0,12.0,2.0,-4.0,-5.0,-15.0,-11.0,0.4650721549987793
197,-24.0,23.0,-4.0,0.0,1424.0,-6010.0,-10767.0,-10695.0,8.0,13.0,34.0,2.0,7.0,9.0,-1.0,5.0,0.4674229621887207
198,-24.0,23.0,-4.0,0.0,1424.0,-6010.0,-10767.0,-10695.0,2.0,10.0,3.0,-4.0,-3.0,-2.0,-4.0,-2.0,0.4696695804595947
199,5.0,16.0,-10.0,0.0,1425.0,-6009.0,-10770.0,-10693.0,2.0,10.0,3.0,-4.0,-3.0,-2.0,-4.0,-2.0,0.47200512886047363
200,5.0,16.0,-10.0,0.0,1425.0,-6009.0,-10770.0,-10693.0,-3.0,-2.0,26.0,5.0,-2.0,4.0,-2.0,-2.0,0.47437381744384766
201,5.0,16.0,-10.0,0.0,1425.0,-6009.0,-10770.0,-10693.0,-2.0,3.0,-9.0,-2.0,-1.0,2.0,10.0,11.0,0.4768071174621582
202,13.0,7.0,6.0,0.0,1424.0,-6009.0,-10771.0,-10692.0,-2.0,3.0,-9.0,-2.0,-1.0,2.0,10.0,11.0,0.4790527820587158
203,13.0,7.0,6.0,0.0,1424.0,-6009.0,-10771.0,-10692.0,-6.0,-7.0,-13.0,9.0,4.0,0.0,-22.0,-3.0,0.48139166831970215
204,13.0,7.0,6.0,0.0,1424.0,-6009.0,-10771.0,-10692.0,3.0,-3.0,-6.0,0.0,14.0,-9.0,-5.0,0.0,0.4836277961730957
205,-15.0,11.0,6.0,0.0,1423.0,-6008.0,-10771.0,-10692.0,3.0,-3.0,-6.0,0.0,14.0,-9.0,-5.0,0.0,0.48591136932373047
206,-15.0,11.0,6.0,0.0,1423.0,-6008.0,-10771.0,-10692.0,2.0,7.0,3.0,-2.0,-5.0,-7.0,-1.0,9.0,0.4882335662841797
207,-15.0,11.0,6.0,0.0,1423.0,-6008.0,-10771.0,-10692.0,4.0,11.0,-9.0,-7.0,3.0,13.0,-11.0,-10.0,0.49048876762390137
208,-8.0,8.0,12.0,0.0,1423.0,-6008.0,-10772.0,-10691.0,4.0,11.0,-9.0,-7.0,3.0,13.0,-11.0,-10.0,0.4936695098876953
209,-8.0,8.0,12.0,0.0,1423.0,-6008.0,-10772.0,-10691.0,-5.0,-3.0,-24.0,0.0,6.0,-2.0,-3.0,-5.0,0.49668264389038086
210,-8.0,8.0,12.0,0.0,1423.0,-6008.0,-10772.0,-10691.0,-3.0,-7.0,9.0,0.0,-10.0,-7.0,-3.0,0.0,0.49895286560058594
211,14.0,-1.0,4.0,0.0,1423.0,-6008.0,-10772.0,-10691.0,-3.0,-7.0,9.0,0.0,-10.0,-7.0,-3.0,0.0,0.5011997222900391
212,14.0,-1.0,4.0,0.0,1423.0,-6008.0,-10772.0,-10691.0,0.0,7.0,-20.0,-14.0,-8.0,19.0,4.0,-3.0,0.5035059452056885
213,14.0,-1.0,4.0,0.0,1423.0,-6008.0,-10772.0,-10691.0,-1.0,3.0,14.0,-6.0,2.0,-3.0,-4.0,-5.0,0.5058205127716064
214,31.0,-4.0,-12.0,0.0,1422.0,-6008.0,-10780.0,-10684.0,-1.0,3.0,14.0,-6.0,2.0,-3.0,-4.0,-5.0,0.5080866813659668
215,31.0,-4.0,-12.0,0.0,1422.0,-6008.0,-10780.0,-10684.0,-2.0,0.0,-23.0,0.0,-10.0,10.0,-1.0,-6.0,0.5104141235351562
216,31.0,-4.0,-12.0,0.0,1422.0,-6008.0,-10780.0,-10684.0,1.0,6.0,4.0,-5.0,-10.0,13.0,4.0,-6.0,0.5126874446868896
217,6.0,0.0,1.0,0.0,1421.0,-6008.0,-10781.0,-10683.0,1.0,6.0,4.0,-5.0,-10.0,13.0,4.0,-6.0,0.5149633884429932
218,6.0,0.0,1.0,0.0,1421.0,-6008.0,-10781.0,-10683.0,2.0,2.0,25.0,-9.0,-4.0,-8.0,15.0,4.0,0.517287015914917
219,6.0,0.0,1.0,0.0,1421.0,-6008.0,-10781.0,-10683.0,-6.0,-2.0,-2.0,6.0,-3.0,-5.0,3.0,1.0,0.5195572376251221
220,10.0,-4.0,2.0,0.0,1421.0,-6008.0,-10781.0,-10682.0,-6.0,-2.0,-2.0,6.0,-3.0,-5.0,3.0,1.0,0.5218348503112793
221,10.0,-4.0,2.0,0.0,1421.0,-6008.0,-10781.0,-10682.0,-1.0,-8.0,-9.0,5.0,14.0,-7.0,-1.0,-6.0,0.5244500637054443
222,10.0,-4.0,2.0,0.0,1421.0,-6008.0,-10781.0,-10682.0,0.0,3.0,0.0,-5.0,-3.0,13.0,-8.0,-4.0,0.5270664691925049
223,40.0,1.0,7.0,0.0,1423.0,-6008.0,-10787.0,-10676.0,0.0,3.0,0.0,-5.0,-3.0,13.0,-8.0,-4.0,0.5293612480163574
224,40.0,1.0,7.0,0.0,1423.0,-6008.0,-10787.0,-10676.0,-2.0,0.0,-9.0,2.0,-28.0,-4.0,1.0,6.0,0.5317502021789551
225,40.0,1.0,7.0,0.0,1423.0,-6008.0,-10787.0,-10676.0,1.0,-15.0,-3.0,-1.0,-8.0,1.0,4.0,1.0,0.5340490341186523
226,55.0,8.0,17.0,0.0,1427.0,-6006.0,-10794.0,-10670.0,1.0,-15.0,-3.0,-1.0,-8.0,1.0,4.0,1.0,0.5363435745239258
227,55.0,8.0,17.0,0.0,1427.0,-6006.0,-10794.0,-10670.0,-3.0,0.0,13.0,3.0,6.0,-1.0,-2.0,-11.0,0.5386922359466553
228,55.0,8.0,17.0,0.0,1427.0,-6006.0,-10794.0,-10670.0,-2.0,10.0,0.0,-2.0,-5.0,-16.0,0.0,14.0,0.5409505367279053
229,56.0,-1.0,16.0,0.0,1430.0,-6006.0,-10802.0,-10661.0,-2.0,10.0,0.0,-2.0,-5.0,-16.0,0.0,14.0,0.5480408668518066
230,56.0,-1.0,16.0,0.0,1430.0,-6006.0,-10802.0,-10661.0,2.0,-2.0,3.0,9.0,11.0,6.0,-19.0,-17.0,0.550408124923706
231,56.0,-1.0,16.0,0.0,1430.0,-6006.0,-10802.0,-10661.0,-5.0,-5.0,-30.0,-25.0,-9.0,-20.0,2.0,0.0,0.5551419258117676
232,13.0,-7.0,19.0,0.0,1432.0,-6010.0,-10805.0,-10656.0,-5.0,-5.0,-30.0,-25.0,-9.0,-20.0,2.0,0.0,0.5710768699645996
233,13.0,-7.0,19.0,0.0,1432.0,-6010.0,-10805.0,-10656.0,3.0,-1.0,-9.0,0.0,-22.0,-4.0,9.0,4.0,0.5734565258026123
234,13.0,-7.0,19.0,0.0,1432.0,-6010.0,-10805.0,-10656.0,5.0,12.0,25.0,11.0,13.0,-16.0,2.0,4.0,0.57753586769104
235,8.0,-7.0,12.0,0.0,1432.0,-6010.0,-10805.0,-10656.0,5.0,12.0,25.0,11.0,13.0,-16.0,2.0,4.0,0.5946342945098877
236,8.0,-7.0,12.0,0.0,1432.0,-6010.0,-10805.0,-10656.0,-2.0,-2.0,16.0,-3.0,-7.0,-7.0,5.0,2.0,0.5971295833587646
237,8.0,-7.0,12.0,0.0,1432.0,-6010.0,-10805.0,-10656.0,0.0,-6.0,-4.0,1.0,7.0,12.0,1.0,-1.0,0.599400520324707
238,41.0,0.0,15.0,0.0,1436.0,-6011.0,-10810.0,-10649.0,0.0,-6.0,-4.0,1.0,7.0,12.0,1.0,-1.0,0.6082074642181396
239,41.0,0.0,15.0,0.0,1436.0,-6011.0,-10810.0,-10649.0,4.0,11.0,29.0,6.0,0.0,6.0,12.0,25.0,0.6105809211730957
240,41.0,0.0,15.0,0.0,1436.0,-6011.0,-10810.0,-10649.0,-3.0,-2.0,-1.0,3.0,-6.0,12.0,3.0,-2.0,0.6150631904602051
241,50.0,-4.0,4.0,0.0,1437.0,-6011.0,-10818.0,-10641.0,-3.0,-2.0,-1.0,3.0,-6.0,12.0,3.0,-2.0,0.6317775249481201
242,50.0,-4.0,4.0,0.0,1437.0,-6011.0,-10818.0,-10641.0,0.0,1.0,-10.0,-3.0,-9.0,6.0,-8.0,-1.0,0.635887622833252
243,50.0,-4.0,4.0,0.0,1437.0,-6011.0,-10818.0,-10641.0,-4.0,-6.0,-8.0,8.0,-8.0,0.0,-2.0,-1.0,0.6399133205413818
244,33.0,-9.0,5.0,0.0,1435.0,-6010.0,-10825.0,-10635.0,-4.0,-6.0,-8.0,8.0,-8.0,0.0,-2.0,-1.0,0.6556744575500488
245,33.0,-9.0,5.0,0.0,1435.0,-6010.0,-10825.0,-10635.0,-4.0,-6.0,-9.0,-2.0,14.0,-2.0,13.0,6.0,0.6607096195220947
246,33.0,-9.0,5.0,0.0,1435.0,-6010.0,-10825.0,-10635.0,1.0,-4.0,-7.0,4.0,3.0,11.0,-19.0,0.0,0.6655058860778809
247,25.0,5.0,12.0,0.0,1436.0,-6009.0,-10829.0,-10631.0,1.0,-4.0,-7.0,4.0,3.0,11.0,-19.0,0.0,0.668494462966919
248,25.0,5.0,12.0,0.0,1436.0,-6009.0,-10829.0,-10631.0,-1.0,-19.0,-65.0,-4.0,4.0,0.0,-16.0,-11.0,0.6708817481994629
249,25.0,5.0,12.0,0.0,1436.0,-6009.0,-10829.0,-10631.0,-5.0,-3.0,6.0,-4.0,-17.0,-6.0,7.0,4.0,0.6750168800354004
250,31.0,7.0,24.0,0.0,1441.0,-6010.0,-10831.0,-10628.0,-5.0,-3.0,6.0,-4.0,-17.0,-6.0,7.0,4.0,0.6905901432037354
251,31.0,7.0,24.0,0.0,1441.0,-6010.0,-10831.0,-10628.0,-1.0,-2.0,-23.0,-4.0,-9.0,5.0,-1.0,4.0,0.6929013729095459
252,31.0,7.0,24.0,0.0,1441.0,-6010.0,-10831.0,-10628.0,0.0,-4.0,9.0,6.0,16.0,10.0,-16.0,-19.0,0.6974563598632812
253,41.0,19.0,33.0,0.0,1447.0,-6009.0,-10836.0,-10623.0,0.0,-4.0,9.0,6.0,16.0,10.0,-16.0,-19.0,0.7140755653381348
254,41.0,19.0,33.0,0.0,1447.0,-6009.0,-10836.0,-10623.0,-2.0,-2.0,-7.0,-5.0,18.0,7.0,-4.0,-14.0,0.7169620990753174
255,41.0,19.0,33.0,0.0,1447.0,-6009.0,-10836.0,-10623.0,1.0,7.0,-2.0,-5.0,6.0,-16.0,-2.0,-2.0,0.719273567199707
256,6.0,1.0,24.0,0.0,1447.0,-6010.0,-10837.0,-10621.0,1.0,7.0,-2.0,-5.0,6.0,-16.0,-2.0,-2.0,0.7275657653808594
257,6.0,1.0,24.0,0.0,1447.0,-6010.0,-10837.0,-10621.0,3.0,3.0,-7.0,-6.0,-14.0,-8.0,-9.0,5.0,0.7361459732055664
258,6.0,1.0,24.0,0.0,1447.0,-6010.0,-10837.0,-10621.0,-8.0,-10.0,-7.0,5.0,10.0,-2.0,10.0,-2.0,0.7386040687561035
259,7.0,-2.0,20.0,0.0,1449.0,-6012.0,-10836.0,-10620.0,-8.0,-10.0,-7.0,5.0,10.0,-2.0,10.0,-2.0,0.7515828609466553
260,7.0,-2.0,20.0,0.0,1449.0,-6012.0,-10836.0,-10620.0,5.0,3.0,27.0,7.0,7.0,7.0,8.0,8.0,0.7558143138885498
261,7.0,-2.0,20.0,0.0,1449.0,-6012.0,-10836.0,-10620.0,0.0,-3.0,-26.0,-17.0,7.0,7.0,-4.0,-10.0,0.7597486972808838
262,45.0,12.0,19.0,0.0,1455.0,-6012.0,-10841.0,-10615.0,0.0,-3.0,-26.0,-17.0,7.0,7.0,-4.0,-10.0,0.7742931842803955
263,45.0,12.0,19.0,0.0,1455.0,-6012.0,-10841.0,-10615.0,3.0,12.0,24.0,13.0,23.0,12.0,-2.0,2.0,0.7795898914337158
264,45.0,12.0,19.0,0.0,1455.0,-6012.0,-10841.0,-10615.0,4.0,5.0,20.0,2.0,8.0,3.0,7.0,2.0,0.7840831279754639
265,36.0,15.0,25.0,0.0,1460.0,-6012.0,-10846.0,-10609.0,4.0,5.0,20.0,2.0,8.0,3.0,7.0,2.0,0.7876176834106445
266,36.0,15.0,25.0,0.0,1460.0,-6012.0,-10846.0,-10609.0,-5.0,-11.0,-25.0,-6.0,-7.0,0.0,-9.0,-26.0,0.7958452701568604
267,36.0,15.0,25.0,0.0,1460.0,-6012.0,-10846.0,-10609.0,5.0,6.0,-5.0,2.0,1.0,-44.0,-13.0,-7.0,0.7981324195861816
268,15.0,14.0,27.0,0.0,1463.0,-6012.0,-10849.0,-10605.0,5.0,6.0,-5.0,2.0,1.0,-44.0,-13.0,-7.0,0.8127179145812988
269,15.0,14.0,27.0,0.0,1463.0,-6012.0,-10849.0,-10605.0,-7.0,-11.0,-1.0,0.0,-23.0,-24.0,-7.0,1.0,0.8170828819274902
270,15.0,14.0,27.0,0.0,1463.0,-6012.0,-10849.0,-10605.0,2.0,-9.0,-21.0,-1.0,-24.0,-6.0,13.0,16.0,0.8212833404541016
271,1.0,29.0,48.0,0.0,1469.0,-6013.0,-10848.0,-10605.0,2.0,-9.0,-21.0,-1.0,-24.0,-6.0,13.0,16.0,0.8336822986602783
272,1.0,29.0,48.0,0.0,1469.0,-6013.0,-10848.0,-10605.0,10.0,14.0,-11.0,4.0,42.0,-4.0,18.0,11.0,0.836127758026123
273,1.0,29.0,48.0,0.0,1469.0,-6013.0,-10848.0,-10605.0,-3.0,-6.0,46.0,46.0,11.0,10.0,18.0,7.0,0.838568925857544
274,14.0,43.0,47.0,0.0,1480.0,-6011.0,-10844.0,-10608.0,-3.0,-6.0,46.0,46.0,11.0,10.0,18.0,7.0,0.847282886505127
275,14.0,43.0,47.0,0.0,1480.0,-6011.0,-10844.0,-10608.0,-16.0,-31.0,-36.0,-19.0,2.0,10.0,5.0,-10.0,0.8560700416564941
276,14.0,43.0,47.0,0.0,1480.0,-6011.0,-10844.0,-10608.0,-4.0,-4.0,-63.0,-3.0,-7.0,-20.0,-18.0,-6.0,0.8584063053131104
277,144.0,206.0,21.0,0.0,1526.0,-5989.0,-10843.0,-10615.0,-4.0,-4.0,-63.0,-3.0,-7.0,-20.0,-18.0,-6.0,0.8720338344573975
278,144.0,206.0,21.0,0.0,1526.0,-5989.0,-10843.0,-10615.0,4.0,37.0,47.0,-27.0,-24.0,-17.0,-13.0,-14.0,0.8766975402832031
279,144.0,206.0,21.0,0.0,1526.0,-5989.0,-10843.0,-10615.0,1.0,11.0,-4.0,31.0,1.0,9.0,-8.0,-3.0,0.8808448314666748
280,58.0,216.0,46.0,0.0,1544.0,-5941.0,-10831.0,-10653.0,1.0,11.0,-4.0,31.0,1.0,9.0,-8.0,-3.0,0.8944404125213623
281,58.0,216.0,46.0,0.0,1544.0,-5941.0,-10831.0,-10653.0,23.0,52.0,102.0,37.0,19.0,-15.0,10.0,22.0,0.8985047340393066
282,58.0,216.0,46.0,0.0,1544.0,-5941.0,-10831.0,-10653.0,-4.0,-13.0,41.0,-8.0,17.0,2.0,0.0,-2.0,0.902606725692749
283,-580.0,255.0,-132.0,0.0,1457.0,-5819.0,-10748.0,-10814.0,-4.0,-13.0,41.0,-8.0,17.0,2.0,0.0,-2.0,0.9080905914306641
284,-580.0,255.0,-132.0,0.0,1457.0,-5819.0,-10748.0,-10814.0,-15.0,-42.0,-29.0,-8.0,-7.0,6.0,-1.0,-3.0,0.9156429767608643
285,-580.0,255.0,-132.0,0.0,1457.0,-5819.0,-10748.0,-10814.0,19.0,38.0,-38.0,-95.0,-34.0,24.0,2.0,3.0,0.9179260730743408
286,-710.0,786.0,-65.0,0.0,1393.0,-5617.0,-10660.0,-11015.0,19.0,38.0,-38.0,-95.0,-34.0,24.0,2.0,3.0,0.9316134452819824
287,-710.0,786.0,-65.0,0.0,1393.0,-5617.0,-10660.0,-11015.0,3.0,14.0,-19.0,31.0,-25.0,-14.0,-5.0,3.0,0.9346036911010742
288,-710.0,786.0,-65.0,0.0,1393.0,-5617.0,-10660.0,-11015.0,-19.0,-34.0,-7.0,-24.0,-12.0,0.0,-1.0,-10.0,0.9370756149291992
289,-351.0,1304.0,-395.0,0.0,1370.0,-5302.0,-10628.0,-11203.0,-19.0,-34.0,-7.0,-24.0,-12.0,0.0,-1.0,-10.0,0.9538412094116211
290,-351.0,1304.0,-395.0,0.0,1370.0,-5302.0,-10628.0,-11203.0,18.0,18.0,18.0,30.0,3.0,21.0,1.0,2.0,0.956153392791748
291,-351.0,1304.0,-395.0,0.0,1370.0,-5302.0,-10628.0,-11203.0,34.0,69.0,21.0,23.0,22.0,9.0,17.0,17.0,0.9584205150604248
292,-217.0,1641.0,-1391.0,0.0,1377.0,-4942.0,-10654.0,-11341.0,34.0,69.0,21.0,23.0,22.0,9.0,17.0,17.0,0.9681658744812012
293,-217.0,1641.0,-1391.0,0.0,1377.0,-4942.0,-10654.0,-11341.0,-39.0,-47.0,-23.0,-18.0,-15.0,-14.0,-14.0,-6.0,0.9756827354431152
294,-217.0,1641.0,-1391.0,0.0,1377.0,-4942.0,-10654.0,-11341.0,-13.0,-38.0,1.0,-24.0,-13.0,4.0,-13.0,-33.0,0.9779441356658936
295,-168.0,1822.0,-2568.0,0.0,1261.0,-4418.0,-10738.0,-11491.0,-13.0,-38.0,1.0,-24.0,-13.0,4.0,-13.0,-33.0,0.9906952381134033
296,-168.0,1822.0,-2568.0,0.0,1261.0,-4418.0,-10738.0,-11491.0,-17.0,-22.0,-12.0,-35.0,-12.0,7.0,-5.0,-12.0,0.9930076599121094
297,-168.0,1822.0,-2568.0,0.0,1261.0,-4418.0,-10738.0,-11491.0,-7.0,-3.0,8.0,18.0,-10.0,5.0,-10.0,7.0,0.9975085258483887
298,11.0,1819.0,-3838.0,0.0,993.0,-3737.0,-10888.0,-11617.0,-7.0,-3.0,8.0,18.0,-10.0,5.0,-10.0,7.0,1.0131504535675049
299,11.0,1819.0,-3838.0,0.0,993.0,-3737.0,-10888.0,-11617.0,7.0,-2.0,-6.0,-9.0,27.0,1.0,3.0,2.0,1.0154831409454346
300,-231.0,1592.0,-4900.0,0.0,551.0,-2951.0,-11024.0,-11744.0,7.0,-2.0,-6.0,-9.0,27.0,1.0,3.0,2.0,1.02008056640625
301,-231.0,1592.0,-4900.0,0.0,551.0,-2951.0,-11024.0,-11744.0,-3.0,-6.0,1.0,12.0,6.0,-21.0,7.0,6.0,1.0279264450073242
302,-231.0,1592.0,-4900.0,0.0,551.0,-2951.0,-11024.0,-11744.0,7.0,7.0,6.0,3.0,-25.0,-4.0,0.0,2.0,1.0359315872192383
303,-944.0,1313.0,-5808.0,0.0,-65.0,-2086.0,-11058.0,-11909.0,7.0,7.0,6.0,3.0,-25.0,-4.0,0.0,2.0,1.038179636001587
304,-944.0,1313.0,-5808.0,0.0,-65.0,-2086.0,-11058.0,-11909.0,-8.0,-17.0,-7.0,1.0,10.0,-2.0,-2.0,-2.0,1.0524389743804932
305,-944.0,1313.0,-5808.0,0.0,-65.0,-2086.0,-11058.0,-11909.0,4.0,5.0,4.0,7.0,11.0,-3.0,-1.0,6.0,1.057298183441162
306,-1643.0,990.0,-6279.0,0.0,-797.0,-1195.0,-10960.0,-12094.0,4.0,5.0,4.0,7.0,11.0,-3.0,-1.0,6.0,1.062575101852417
307,-1643.0,990.0,-6279.0,0.0,-797.0,-1195.0,-10960.0,-12094.0,2.0,0.0,1.0,14.0,-8.0,6.0,7.0,2.0,1.0653042793273926
308,-1643.0,990.0,-6279.0,0.0,-797.0,-1195.0,-10960.0,-12094.0,-8.0,-7.0,-6.0,-24.0,-16.0,-11.0,-1.0,-6.0,1.0727710723876953
309,-1882.0,789.0,-6220.0,0.0,-1507.0,-370.0,-10801.0,-12223.0,-8.0,-7.0,-6.0,-24.0,-16.0,-11.0,-1.0,-6.0,1.080152988433838
310,-1882.0,789.0,-6220.0,0.0,-1507.0,-370.0,-10801.0,-12223.0,6.0,6.0,8.0,16.0,-6.0,3.0,5.0,3.0,1.0888307094573975
311,-1882.0,789.0,-6220.0,0.0,-1507.0,-370.0,-10801.0,-12223.0,-2.0,-1.0,1.0,8.0,-2.0,-8.0,-5.0,-3.0,1.0970909595489502
312,-2107.0,678.0,-6162.0,0.0,-2210.0,436.0,-10555.0,-12328.0,-2.0,-1.0,1.0,8.0,-2.0,-8.0,-5.0,-3.0,1.0996711254119873
313,-2107.0,678.0,-6162.0,0.0,-2210.0,436.0,-10555.0,-12328.0,-1.0,-2.0,-5.0,6.0,-2.0,-7.0,-5.0,-2.0,1.1108758449554443
314,-2107.0,678.0,-6162.0,0.0,-2210.0,436.0,-10555.0,-12328.0,3.0,2.0,4.0,10.0,3.0,2.0,-1.0,1.0,1.1131231784820557
315,-1888.0,689.0,-5953.0,0.0,-2881.0,1217.0,-10281.0,-12369.0,3.0,2.0,4.0,10.0,3.0,2.0,-1.0,1.0,1.1175456047058105
316,-1888.0,689.0,-5953.0,0.0,-2881.0,1217.0,-10281.0,-12369.0,-1.0,2.0,6.0,25.0,13.0,9.0,1.0,2.0,1.1258811950683594
317,-1888.0,689.0,-5953.0,0.0,-2881.0,1217.0,-10281.0,-12369.0,2.0,-7.0,-5.0,7.0,2.0,2.0,4.0,7.0,1.1324427127838135
318,-1206.0,423.0,-5360.0,0.0,-3512.0,1885.0,-10054.0,-12308.0,2.0,-7.0,-5.0,7.0,2.0,2.0,4.0,7.0,1.1398022174835205
319,-1206.0,423.0,-5360.0,0.0,-3512.0,1885.0,-10054.0,-12308.0,-7.0,-1.0,-2.0,17.0,-19.0,-11.0,-15.0,-11.0,1.1476500034332275
320,-1206.0,423.0,-5360.0,0.0,-3512.0,1885.0,-10054.0,-12308.0,-1.0,-3.0,1.0,2.0,9.0,7.0,2.0,2.0,1.1573872566223145
321,-940.0,9.0,-4502.0,0.0,-4070.0,2393.0,-9842.0,-12219.0,-1.0,-3.0,1.0,2.0,9.0,7.0,2.0,2.0,1.1614913940429688
322,-940.0,9.0,-4502.0,0.0,-4070.0,2393.0,-9842.0,-12219.0,4.0,-3.0,2.0,-40.0,-13.0,-30.0,17.0,21.0,1.1713039875030518
323,-940.0,9.0,-4502.0,0.0,-4070.0,2393.0,-9842.0,-12219.0,-3.0,0.0,-1.0,1.0,-7.0,-5.0,-21.0,-22.0,1.1736390590667725
324,-1726.0,62.0,-3777.0,0.0,-4500.0,2858.0,-9515.0,-12227.0,-3.0,0.0,-1.0,1.0,-7.0,-5.0,-21.0,-22.0,1.1767818927764893
325,-1726.0,62.0,-3777.0,0.0,-4500.0,2858.0,-9515.0,-12227.0,-3.0,0.0,4.0,-9.0,5.0,13.0,-17.0,-12.0,1.1851389408111572
326,-1726.0,62.0,-3777.0,0.0,-4500.0,2858.0,-9515.0,-12227.0,0.0,-11.0,-21.0,-30.0,13.0,8.0,5.0,7.0,1.1926095485687256
327,-2020.0,406.0,-3203.0,0.0,-4809.0,3329.0,-9162.0,-12260.0,0.0,-11.0,-21.0,-30.0,13.0,8.0,5.0,7.0,1.1999061107635498
328,-2020.0,406.0,-3203.0,0.0,-4809.0,3329.0,-9162.0,-12260.0,3.0,4.0,-3.0,-9.0,20.0,6.0,4.0,0.0,1.207718849182129
329,-2020.0,406.0,-3203.0,0.0,-4809.0,3329.0,-9162.0,-12260.0,-5.0,-3.0,-1.0,-39.0,-30.0,-4.0,-2.0,5.0,1.215463399887085
330,-1655.0,233.0,-2416.0,0.0,-5044.0,3691.0,-8869.0,-12278.0,-5.0,-3.0,-1.0,-39.0,-30.0,-4.0,-2.0,5.0,1.2178893089294434
331,-1655.0,233.0,-2416.0,0.0,-5044.0,3691.0,-8869.0,-12278.0,-7.0,-17.0,-7.0,7.0,-5.0,23.0,11.0,-5.0,1.2309024333953857
332,-1655.0,233.0,-2416.0,0.0,-5044.0,3691.0,-8869.0,-12278.0,10.0,0.0,-6.0,1.0,88.0,58.0,-14.0,23.0,1.233184814453125
333,-1661.0,-3.0,-1515.0,0.0,-5188.0,3943.0,-8578.0,-12345.0,10.0,0.0,-6.0,1.0,88.0,58.0,-14.0,23.0,1.245934009552002
334,-1661.0,-3.0,-1515.0,0.0,-5188.0,3943.0,-8578.0,-12345.0,-22.0,-19.0,7.0,16.0,-12.0,11.0,-6.0,-17.0,1.253638744354248
335,-1661.0,-3.0,-1515.0,0.0,-5188.0,3943.0,-8578.0,-12345.0,-25.0,-3.0,-5.0,21.0,17.0,6.0,1.0,-8.0,1.2559645175933838
336,-1650.0,-76.0,-977.0,0.0,-5255.0,4117.0,-8308.0,-12445.0,-25.0,-3.0,-5.0,21.0,17.0,6.0,1.0,-8.0,1.2598791122436523
337,-1650.0,-76.0,-977.0,0.0,-5255.0,4117.0,-8308.0,-12445.0,41.0,55.0,26.0,65.0,-126.0,-58.0,-80.0,-25.0,1.267545223236084
338,-1650.0,-76.0,-977.0,0.0,-5255.0,4117.0,-8308.0,-12445.0,11.0,4.0,17.0,31.0,27.0,73.0,104.0,34.0,1.2754745483398438
339,-726.0,-613.0,-309.0,0.0,-5319.0,4103.0,-8160.0,-12520.0,11.0,4.0,17.0,31.0,27.0,73.0,104.0,34.0,1.2777304649353027
340,-726.0,-613.0,-309.0,0.0,-5319.0,4103.0,-8160.0,-12520.0,-35.0,-35.0,15.0,86.0,46.0,-40.0,13.0,4.0,1.290693998336792
341,-726.0,-613.0,-309.0,0.0,-5319.0,4103.0,-8160.0,-12520.0,5.0,43.0,-31.0,-69.0,-86.0,-39.0,-43.0,-75.0,1.3074922561645508
342,1390.0,-988.0,710.0,0.0,-5371.0,3823.0,-8323.0,-12479.0,5.0,43.0,-31.0,-69.0,-86.0,-39.0,-43.0,-75.0,1.310859203338623
343,1390.0,-988.0,710.0,0.0,-5371.0,3823.0,-8323.0,-12479.0,-31.0,-10.0,-14.0,-57.0,-86.0,-38.0,86.0,35.0,1.313431739807129
344,1390.0,-988.0,710.0,0.0,-5371.0,3823.0,-8323.0,-12479.0,-40.0,-14.0,-22.0,39.0,1.0,-106.0,-48.0,-55.0,1.316044569015503
345,2540.0,-864.0,2265.0,0.0,-5244.0,3349.0,-8706.0,-12408.0,-40.0,-14.0,-22.0,39.0,1.0,-106.0,-48.0,-55.0,1.319234848022461
346,2540.0,-864.0,2265.0,0.0,-5244.0,3349.0,-8706.0,-12408.0,109.0,114.0,50.0,-4.0,92.0,117.0,94.0,83.0,1.3274726867675781
347,2540.0,-864.0,2265.0,0.0,-5244.0,3349.0,-8706.0,-12408.0,21.0,-37.0,23.0,-31.0,23.0,-8.0,-53.0,56.0,1.3368127346038818
348,2490.0,-1065.0,3821.0,0.0,-4912.0,2696.0,-9110.0,-12413.0,21.0,-37.0,23.0,-31.0,23.0,-8.0,-53.0,56.0,1.3407459259033203
349,2490.0,-1065.0,3821.0,0.0,-4912.0,2696.0,-9110.0,-12413.0,-125.0,0.0,-46.0,27.0,-46.0,17.0,122.0,-36.0,1.3511872291564941
350,2490.0,-1065.0,3821.0,0.0,-4912.0,2696.0,-9110.0,-12413.0,68.0,45.0,-1.0,12.0,-128.0,-56.0,-16.0,-95.0,1.3584282398223877
351,1790.0,-1145.0,5574.0,0.0,-4293.0,1848.0,-9425.0,-12561.0,68.0,45.0,-1.0,12.0,-128.0,-56.0,-16.0,-95.0,1.360706090927124
352,1790.0,-1145.0,5574.0,0.0,-4293.0,1848.0,-9425.0,-12561.0,-3.0,-15.0,39.0,47.0,54.0,-35.0,-128.0,49.0,1.3650529384613037
353,1790.0,-1145.0,5574.0,0.0,-4293.0,1848.0,-9425.0,-12561.0,-66.0,-63.0,15.0,105.0,76.0,42.0,99.0,102.0,1.372664213180542
354,1370.0,-1645.0,6481.0,0.0,-3592.0,889.0,-9640.0,-12721.0,-66.0,-63.0,15.0,105.0,76.0,42.0,99.0,102.0,1.3806767463684082
355,1370.0,-1645.0,6481.0,0.0,-3592.0,889.0,-9640.0,-12721.0,54.0,24.0,-48.0,84.0,64.0,61.0,9.0,12.0,1.3888318538665771
356,1370.0,-1645.0,6481.0,0.0,-3592.0,889.0,-9640.0,-12721.0,8.0,-26.0,-12.0,-74.0,40.0,127.0,113.0,40.0,1.396726131439209
357,2191.0,-2016.0,7476.0,0.0,-2777.0,-261.0,-9900.0,-12754.0,8.0,-26.0,-12.0,-74.0,40.0,127.0,113.0,40.0,1.3996198177337646
358,2191.0,-2016.0,7476.0,0.0,-2777.0,-261.0,-9900.0,-12754.0,-56.0,-66.0,-11.0,-128.0,-108.0,-109.0,-23.0,-28.0,1.4108531475067139
359,2191.0,-2016.0,7476.0,0.0,-2777.0,-261.0,-9900.0,-12754.0,37.0,6.0,-55.0,-127.0,-60.0,-28.0,104.0,69.0,1.4133191108703613
360,3000.0,-2117.0,7456.0,0.0,-1952.0,-1446.0,-10190.0,-12599.0,37.0,6.0,-55.0,-127.0,-60.0,-28.0,104.0,69.0,1.417731761932373
361,3000.0,-2117.0,7456.0,0.0,-1952.0,-1446.0,-10190.0,-12599.0,-6.0,-41.0,-26.0,-73.0,-3.0,-40.0,-30.0,-38.0,1.42547607421875
362,3000.0,-2117.0,7456.0,0.0,-1952.0,-1446.0,-10190.0,-12599.0,13.0,-9.0,-11.0,127.0,108.0,72.0,75.0,67.0,1.4323642253875732
363,4687.0,-1586.0,6929.0,0.0,-1097.0,-2523.0,-10645.0,-12148.0,13.0,-9.0,-11.0,127.0,108.0,72.0,75.0,67.0,1.4486229419708252
364,4687.0,-1586.0,6929.0,0.0,-1097.0,-2523.0,-10645.0,-12148.0,-17.0,-72.0,-36.0,98.0,86.0,-40.0,-6.0,-36.0,1.4523096084594727
365,4687.0,-1586.0,6929.0,0.0,-1097.0,-2523.0,-10645.0,-12148.0,-23.0,29.0,111.0,47.0,-37.0,10.0,-50.0,-43.0,1.456212043762207
366,3299.0,-1777.0,6413.0,0.0,-362.0,-3531.0,-10849.0,-11754.0,-23.0,29.0,111.0,47.0,-37.0,10.0,-50.0,-43.0,1.4604740142822266
367,3299.0,-1777.0,6413.0,0.0,-362.0,-3531.0,-10849.0,-11754.0,48.0,72.0,123.0,-1.0,4.0,-12.0,-13.0,-49.0,1.470893383026123
368,3299.0,-1777.0,6413.0,0.0,-362.0,-3531.0,-10849.0,-11754.0,-39.0,-58.0,-49.0,-71.0,-81.0,-5.0,-14.0,-53.0,1.4734156131744385
369,2644.0,-2370.0,3363.0,0.0,-109.0,-4237.0,-11034.0,-11347.0,-39.0,-58.0,-49.0,-71.0,-81.0,-5.0,-14.0,-53.0,1.4775629043579102
370,2644.0,-2370.0,3363.0,0.0,-109.0,-4237.0,-11034.0,-11347.0,-20.0,-34.0,48.0,-32.0,21.0,72.0,32.0,-11.0,1.485219955444336
371,2644.0,-2370.0,3363.0,0.0,-109.0,-4237.0,-11034.0,-11347.0,16.0,31.0,76.0,72.0,127.0,15.0,10.0,49.0,1.492525577545166
372,1831.0,-1869.0,1546.0,0.0,-58.0,-4654.0,-11181.0,-11036.0,16.0,31.0,76.0,72.0,127.0,15.0,10.0,49.0,1.5014762878417969
373,1831.0,-1869.0,1546.0,0.0,-58.0,-4654.0,-11181.0,-11036.0,25.0,19.0,-47.0,3.0,-9.0,-25.0,32.0,65.0,1.5090763568878174
374,1831.0,-1869.0,1546.0,0.0,-58.0,-4654.0,-11181.0,-11036.0,48.0,70.0,110.0,10.0,66.0,29.0,-16.0,3.0,1.5156135559082031
375,2188.0,-1585.0,2997.0,0.0,198.0,-5183.0,-11276.0,-10696.0,48.0,70.0,110.0,10.0,66.0,29.0,-16.0,3.0,1.5178892612457275
376,2188.0,-1585.0,2997.0,0.0,198.0,-5183.0,-11276.0,-10696.0,35.0,28.0,-95.0,-14.0,20.0,-1.0,0.0,23.0,1.5309886932373047
377,2188.0,-1585.0,2997.0,0.0,198.0,-5183.0,-11276.0,-10696.0,-25.0,-37.0,-66.0,49.0,-13.0,-59.0,-9.0,-9.0,1.5332961082458496
378,340.0,-1232.0,3109.0,0.0,443.0,-5701.0,-11105.0,-10604.0,-25.0,-37.0,-66.0,49.0,-13.0,-59.0,-9.0,-9.0,1.5374040603637695
379,340.0,-1232.0,3109.0,0.0,443.0,-5701.0,-11105.0,-10604.0,-27.0,-22.0,1.0,-11.0,24.0,-36.0,-24.0,-65.0,1.5455644130706787
380,340.0,-1232.0,3109.0,0.0,443.0,-5701.0,-11105.0,-10604.0,-54.0,-65.0,-33.0,-41.0,-24.0,-9.0,-70.0,-114.0,1.5524790287017822
381,94.0,-928.0,3789.0,0.0,791.0,-6263.0,-10851.0,-10529.0,-54.0,-65.0,-33.0,-41.0,-24.0,-9.0,-70.0,-114.0,1.559837818145752
382,94.0,-928.0,3789.0,0.0,791.0,-6263.0,-10851.0,-10529.0,34.0,72.0,60.0,-74.0,-8.0,34.0,47.0,26.0,1.5679173469543457
383,94.0,-928.0,3789.0,0.0,791.0,-6263.0,-10851.0,-10529.0,-23.0,23.0,93.0,-24.0,-31.0,-80.0,-106.0,-67.0,1.575385332107544
384,1314.0,-355.0,2705.0,0.0,1159.0,-6608.0,-10800.0,-10335.0,-23.0,23.0,93.0,-24.0,-31.0,-80.0,-106.0,-67.0,1.5777525901794434
385,1314.0,-355.0,2705.0,0.0,1159.0,-6608.0,-10800.0,-10335.0,-6.0,-16.0,-128.0,-44.0,-44.0,27.0,-7.0,12.0,1.5906708240509033
386,1314.0,-355.0,2705.0,0.0,1159.0,-6608.0,-10800.0,-10335.0,21.0,4.0,-38.0,-2.0,-39.0,-8.0,18.0,74.0,1.5929741859436035
387,971.0,97.0,2113.0,0.0,1467.0,-6820.0,-10753.0,-10207.0,21.0,4.0,-38.0,-2.0,-39.0,-8.0,18.0,74.0,1.5970287322998047
388,971.0,97.0,2113.0,0.0,1467.0,-6820.0,-10753.0,-10207.0,13.0,3.0,77.0,18.0,52.0,-27.0,-5.0,-3.0,1.6131112575531006
389,971.0,97.0,2113.0,0.0,1467.0,-6820.0,-10753.0,-10207.0,-2.0,-2.0,-41.0,-2.0,-29.0,-29.0,102.0,46.0,1.6154422760009766
390,681.0,550.0,1699.0,0.0,1741.0,-6922.0,-10701.0,-10148.0,-2.0,-2.0,-41.0,-2.0,-29.0,-29.0,102.0,46.0,1.6194887161254883
391,681.0,550.0,1699.0,0.0,1741.0,-6922.0,-10701.0,-10148.0,-20.0,-26.0,-1.0,36.0,-85.0,18.0,-31.0,-73.0,1.627570629119873
392,681.0,550.0,1699.0,0.0,1741.0,-6922.0,-10701.0,-10148.0,29.0,46.0,22.0,34.0,15.0,-48.0,18.0,20.0,1.6357700824737549
393,540.0,537.0,741.0,0.0,1841.0,-6860.0,-10712.0,-10162.0,29.0,46.0,22.0,34.0,15.0,-48.0,18.0,20.0,1.6382193565368652
394,540.0,537.0,741.0,0.0,1841.0,-6860.0,-10712.0,-10162.0,11.0,-8.0,13.0,-2.0,54.0,25.0,8.0,-2.0,1.6508362293243408
395,540.0,537.0,741.0,0.0,1841.0,-6860.0,-10712.0,-10162.0,-18.0,-18.0,-20.0,38.0,39.0,53.0,-34.0,-24.0,1.6531119346618652
396,169.0,573.0,77.0,0.0,1873.0,-6749.0,-10724.0,-10217.0,-18.0,-18.0,-20.0,38.0,39.0,53.0,-34.0,-24.0,1.6587109565734863
397,169.0,573.0,77.0,0.0,1873.0,-6749.0,-10724.0,-10217.0,-33.0,-58.0,-40.0,33.0,3.0,-48.0,-64.0,-5.0,1.6671500205993652
398,169.0,573.0,77.0,0.0,1873.0,-6749.0,-10724.0,-10217.0,-17.0,-21.0,-43.0,-14.0,-25.0,15.0,-42.0,-15.0,1.6723806858062744
399,411.0,621.0,-676.0,0.0,1825.0,-6551.0,-10853.0,-10218.0,-17.0,-21.0,-43.0,-14.0,-25.0,15.0,-42.0,-15.0,1.6803407669067383
400,411.0,621.0,-676.0,0.0,1825.0,-6551.0,-10853.0,-10218.0,24.0,10.0,-2.0,12.0,88.0,60.0,59.0,50.0,1.6879944801330566
401,411.0,621.0,-676.0,0.0,1825.0,-6551.0,-10853.0,-10218.0,-1.0,10.0,3.0,-13.0,-47.0,-21.0,6.0,-59.0,1.6976096630096436
402,252.0,606.0,-908.0,0.0,1740.0,-6325.0,-10974.0,-10246.0,-1.0,10.0,3.0,-13.0,-47.0,-21.0,6.0,-59.0,1.7019317150115967
403,252.0,606.0,-908.0,0.0,1740.0,-6325.0,-10974.0,-10246.0,-8.0,5.0,23.0,-38.0,-52.0,84.0,23.0,9.0,1.7112841606140137
404,252.0,606.0,-908.0,0.0,1740.0,-6325.0,-10974.0,-10246.0,29.0,18.0,19.0,-14.0,-11.0,6.0,7.0,13.0,1.713571548461914
405,-303.0,501.0,-990.0,0.0,1641.0,-6142.0,-11017.0,-10329.0,29.0,18.0,19.0,-14.0,-11.0,6.0,7.0,13.0,1.7169406414031982
406,-303.0,501.0,-990.0,0.0,1641.0,-6142.0,-11017.0,-10329.0,7.0,-6.0,3.0,-10.0,20.0,-7.0,-40.0,-2.0,1.7252388000488281
407,-303.0,501.0,-990.0,0.0,1641.0,-6142.0,-11017.0,-10329.0,-5.0,-10.0,-70.0,13.0,-16.0,-27.0,-22.0,-9.0,1.732144832611084
408,-445.0,326.0,-1042.0,0.0,1560.0,-6010.0,-11022.0,-10413.0,-5.0,-10.0,-70.0,13.0,-16.0,-27.0,-22.0,-9.0,1.7402262687683105
409,-445.0,326.0,-1042.0,0.0,1560.0,-6010.0,-11022.0,-10413.0,-34.0,-17.0,12.0,11.0,-33.0,14.0,-24.0,-29.0,1.7479822635650635
410,-445.0,326.0,-1042.0,0.0,1560.0,-6010.0,-11022.0,-10413.0,0.0,-3.0,-3.0,-12.0,20.0,21.0,-88.0,-15.0,1.7568461894989014
411,-235.0,244.0,-949.0,0.0,1501.0,-5901.0,-11044.0,-10460.0,0.0,-3.0,-3.0,-12.0,20.0,21.0,-88.0,-15.0,1.761399269104004
412,-235.0,244.0,-949.0,0.0,1501.0,-5901.0,-11044.0,-10460.0,-4.0,-12.0,-18.0,-14.0,-19.0,8.0,10.0,26.0,1.7714135646820068
413,-235.0,244.0,-949.0,0.0,1501.0,-5901.0,-11044.0,-10460.0,-13.0,-19.0,6.0,-2.0,15.0,31.0,34.0,8.0,1.7737078666687012
414,-123.0,219.0,-812.0,0.0,1444.0,-5800.0,-11081.0,-10486.0,-13.0,-19.0,6.0,-2.0,15.0,31.0,34.0,8.0,1.7767043113708496
415,-123.0,219.0,-812.0,0.0,1444.0,-5800.0,-11081.0,-10486.0,5.0,30.0,41.0,1.0,38.0,14.0,-17.0,-11.0,1.7853710651397705
416,-123.0,219.0,-812.0,0.0,1444.0,-5800.0,-11081.0,-10486.0,3.0,7.0,17.0,-14.0,-19.0,-27.0,13.0,15.0,1.7928085327148438
417,-222.0,248.0,-616.0,0.0,1402.0,-5721.0,-11100.0,-10514.0,3.0,7.0,17.0,-14.0,-19.0,-27.0,13.0,15.0,1.8002245426177979
418,-222.0,248.0,-616.0,0.0,1402.0,-5721.0,-11100.0,-10514.0,21.0,26.0,20.0,45.0,-23.0,-4.0,23.0,24.0,1.8075664043426514
419,-222.0,248.0,-616.0,0.0,1402.0,-5721.0,-11100.0,-10514.0,-5.0,-13.0,-35.0,-13.0,-5.0,-10.0,-2.0,7.0,1.8157391548156738
420,-324.0,109.0,-510.0,0.0,1369.0,-5682.0,-11090.0,-10550.0,-5.0,-13.0,-35.0,-13.0,-5.0,-10.0,-2.0,7.0,1.818178653717041
421,-324.0,109.0,-510.0,0.0,1369.0,-5682.0,-11090.0,-10550.0,-14.0,-14.0,-7.0,6.0,-19.0,-1.0,-19.0,-27.0,1.8318243026733398
422,-324.0,109.0,-510.0,0.0,1369.0,-5682.0,-11090.0,-10550.0,-8.0,-14.0,-29.0,0.0,-12.0,7.0,-35.0,32.0,1.8357300758361816
423,-259.0,119.0,-358.0,0.0,1351.0,-5649.0,-11072.0,-10590.0,-8.0,-14.0,-29.0,0.0,-12.0,7.0,-35.0,32.0,1.8398101329803467
424,-259.0,119.0,-358.0,0.0,1351.0,-5649.0,-11072.0,-10590.0,-10.0,-9.0,-3.0,5.0,-10.0,-12.0,42.0,27.0,1.8452537059783936
425,-259.0,119.0,-358.0,0.0,1351.0,-5649.0,-11072.0,-10590.0,-5.0,7.0,-55.0,-23.0,13.0,-5.0,5.0,-13.0,1.8526630401611328
426,-164.0,116.0,-289.0,0.0,1338.0,-5618.0,-11065.0,-10614.0,-5.0,7.0,-55.0,-23.0,13.0,-5.0,5.0,-13.0,1.8595716953277588
427,-164.0,116.0,-289.0,0.0,1338.0,-5618.0,-11065.0,-10614.0,-6.0,4.0,-71.0,-35.0,14.0,-5.0,3.0,12.0,1.8689022064208984
428,-164.0,116.0,-289.0,0.0,1338.0,-5618.0,-11065.0,-10614.0,14.0,26.0,25.0,-3.0,-8.0,7.0,13.0,0.0,1.876779317855835
429,-177.0,129.0,-158.0,0.0,1336.0,-5605.0,-11062.0,-10625.0,14.0,26.0,25.0,-3.0,-8.0,7.0,13.0,0.0,1.88029146194458
430,-177.0,129.0,-158.0,0.0,1336.0,-5605.0,-11062.0,-10625.0,-13.0,-30.0,-53.0,-11.0,-30.0,-22.0,-12.0,-14.0,1.8907363414764404
431,-177.0,129.0,-158.0,0.0,1336.0,-5605.0,-11062.0,-10625.0,6.0,33.0,30.0,8.0,-8.0,-14.0,1.0,-4.0,1.8930106163024902
432,-124.0,51.0,-130.0,0.0,1336.0,-5606.0,-11061.0,-10626.0,6.0,33.0,30.0,8.0,-8.0,-14.0,1.0,-4.0,1.8974542617797852
433,-124.0,51.0,-130.0,0.0,1336.0,-5606.0,-11061.0,-10626.0,-4.0,-11.0,13.0,-17.0,46.0,14.0,11.0,-5.0,1.9130885601043701
434,-124.0,51.0,-130.0,0.0,1336.0,-5606.0,-11061.0,-10626.0,-4.0,-33.0,4.0,22.0,-24.0,2.0,8.0,-15.0,1.9158339500427246
435,7.0,-7.0,-110.0,0.0,1334.0,-5607.0,-11072.0,-10613.0,-4.0,-33.0,4.0,22.0,-24.0,2.0,8.0,-15.0,1.919734001159668
436,7.0,-7.0,-110.0,0.0,1334.0,-5607.0,-11072.0,-10613.0,-6.0,-9.0,-16.0,-30.0,-52.0,8.0,8.0,13.0,1.9273028373718262
437,7.0,-7.0,-110.0,0.0,1334.0,-5607.0,-11072.0,-10613.0,-5.0,-14.0,-16.0,4.0,3.0,1.0,6.0,11.0,1.9350931644439697
438,44.0,-39.0,-82.0,0.0,1329.0,-5608.0,-11083.0,-10603.0,-5.0,-14.0,-16.0,4.0,3.0,1.0,6.0,11.0,1.9427268505096436
439,44.0,-39.0,-82.0,0.0,1329.0,-5608.0,-11083.0,-10603.0,1.0,-14.0,22.0,4.0,-3.0,-13.0,-12.0,-11.0,1.9515156745910645
440,44.0,-39.0,-82.0,0.0,1329.0,-5608.0,-11083.0,-10603.0,-9.0,4.0,31.0,-2.0,-2.0,2.0,-12.0,-30.0,1.953819751739502
441,-69.0,-77.0,-49.0,0.0,1315.0,-5618.0,-11082.0,-10600.0,-9.0,4.0,31.0,-2.0,-2.0,2.0,-12.0,-30.0,1.956528902053833
442,-69.0,-77.0,-49.0,0.0,1315.0,-5618.0,-11082.0,-10600.0,5.0,-1.0,16.0,19.0,-4.0,-17.0,11.0,16.0,1.9650232791900635
443,-69.0,-77.0,-49.0,0.0,1315.0,-5618.0,-11082.0,-10600.0,-5.0,-5.0,9.0,-9.0,4.0,16.0,3.0,-1.0,1.9725725650787354
444,-100.0,-112.0,-5.0,0.0,1292.0,-5634.0,-11079.0,-10598.0,-5.0,-5.0,9.0,-9.0,4.0,16.0,3.0,-1.0,1.9803853034973145
445,-100.0,-112.0,-5.0,0.0,1292.0,-5634.0,-11079.0,-10598.0,8.0,17.0,-10.0,-22.0,-9.0,-3.0,1.0,-4.0,1.987605094909668
446,-100.0,-112.0,-5.0,0.0,1292.0,-5634.0,-11079.0,-10598.0,5.0,9.0,-34.0,-4.0,20.0,10.0,3.0,-5.0,1.995312213897705
447,-117.0,-133.0,64.0,0.0,1263.0,-5656.0,-11080.0,-10588.0,5.0,9.0,-34.0,-4.0,20.0,10.0,3.0,-5.0,2.0027191638946533
448,-117.0,-133.0,64.0,0.0,1263.0,-5656.0,-11080.0,-10588.0,-12.0,-3.0,28.0,3.0,-21.0,-22.0,-3.0,-10.0,2.0109522342681885
449,-117.0,-133.0,64.0,0.0,1263.0,-5656.0,-11080.0,-10588.0,-1.0,14.0,56.0,5.0,19.0,12.0,-8.0,-6.0,2.0136289596557617
450,-57.0,-137.0,65.0,0.0,1248.0,-5684.0,-11080.0,-10575.0,-1.0,14.0,56.0,5.0,19.0,12.0,-8.0,-6.0,2.016758680343628
451,-57.0,-137.0,65.0,0.0,1248.0,-5684.0,-11080.0,-10575.0,9.0,27.0,76.0,4.0,18.0,-21.0,-15.0,15.0,2.0250606536865234
452,-57.0,-137.0,65.0,0.0,1248.0,-5684.0,-11080.0,-10575.0,-8.0,-7.0,-21.0,0.0,11.0,10.0,7.0,3.0,2.0326385498046875
453,19.0,-122.0,30.0,0.0,1245.0,-5710.0,-11084.0,-10558.0,-8.0,-7.0,-21.0,0.0,11.0,10.0,7.0,3.0,2.041372776031494
454,19.0,-122.0,30.0,0.0,1245.0,-5710.0,-11084.0,-10558.0,4.0,-15.0,2.0,15.0,3.0,-1.0,6.0,1.0,2.048706293106079
455,19.0,-122.0,30.0,0.0,1245.0,-5710.0,-11084.0,-10558.0,1.0,0.0,17.0,-1.0,-17.0,-30.0,-12.0,0.0,2.0551459789276123
456,103.0,-75.0,11.0,0.0,1253.0,-5726.0,-11094.0,-10537.0,1.0,0.0,17.0,-1.0,-17.0,-30.0,-12.0,0.0,2.0625884532928467
457,103.0,-75.0,11.0,0.0,1253.0,-5726.0,-11094.0,-10537.0,-6.0,-15.0,-10.0,18.0,-37.0,12.0,0.0,-16.0,2.071129560470581
458,103.0,-75.0,11.0,0.0,1253.0,-5726.0,-11094.0,-10537.0,-1.0,0.0,-6.0,-25.0,-9.0,-7.0,3.0,-14.0,2.0736796855926514
459,170.0,-52.0,-11.0,0.0,1254.0,-5726.0,-11115.0,-10515.0,-1.0,0.0,-6.0,-25.0,-9.0,-7.0,3.0,-14.0,2.0769078731536865
460,170.0,-52.0,-11.0,0.0,1254.0,-5726.0,-11115.0,-10515.0,-6.0,-42.0,-64.0,-17.0,28.0,27.0,-22.0,-31.0,2.085209608078003
461,170.0,-52.0,-11.0,0.0,1254.0,-5726.0,-11115.0,-10515.0,-3.0,-8.0,7.0,-33.0,6.0,6.0,2.0,-15.0,2.0924746990203857
462,156.0,-60.0,-8.0,0.0,1243.0,-5719.0,-11137.0,-10497.0,-3.0,-8.0,7.0,-33.0,6.0,6.0,2.0,-15.0,2.101215124130249
463,156.0,-60.0,-8.0,0.0,1243.0,-5719.0,-11137.0,-10497.0,-7.0,-11.0,-20.0,-5.0,30.0,6.0,11.0,2.0,2.109417200088501
464,156.0,-60.0,-8.0,0.0,1243.0,-5719.0,-11137.0,-10497.0,19.0,13.0,-35.0,-9.0,-24.0,-11.0,7.0,23.0,2.1152150630950928
465,49.0,-69.0,-28.0,0.0,1230.0,-5720.0,-11148.0,-10486.0,19.0,13.0,-35.0,-9.0,-24.0,-11.0,7.0,23.0,2.1222832202911377
466,49.0,-69.0,-28.0,0.0,1230.0,-5720.0,-11148.0,-10486.0,-6.0,-17.0,-5.0,7.0,9.0,25.0,0.0,-11.0,2.1302382946014404
467,49.0,-69.0,-28.0,0.0,1230.0,-5720.0,-11148.0,-10486.0,-5.0,-10.0,-4.0,-12.0,-21.0,-15.0,-15.0,4.0,2.138458490371704
468,33.0,-10.0,-33.0,0.0,1225.0,-5715.0,-11155.0,-10482.0,-5.0,-10.0,-4.0,-12.0,-21.0,-15.0,-15.0,4.0,2.1410300731658936
469,33.0,-10.0,-33.0,0.0,1225.0,-5715.0,-11155.0,-10482.0,1.0,9.0,-15.0,8.0,-2.0,3.0,10.0,9.0,2.144641876220703
470,33.0,-10.0,-33.0,0.0,1225.0,-5715.0,-11155.0,-10482.0,-2.0,-4.0,10.0,9.0,9.0,4.0,-4.0,3.0,2.152503252029419
471,14.0,36.0,3.0,0.0,1224.0,-5703.0,-11155.0,-10489.0,-2.0,-4.0,10.0,9.0,9.0,4.0,-4.0,3.0,2.1599345207214355
472,14.0,36.0,3.0,0.0,1224.0,-5703.0,-11155.0,-10489.0,10.0,3.0,16.0,-13.0,7.0,1.0,8.0,2.0,2.167931318283081
473,14.0,36.0,3.0,0.0,1224.0,-5703.0,-11155.0,-10489.0,-6.0,-7.0,5.0,22.0,1.0,-9.0,7.0,21.0,2.1761064529418945
474,-24.0,77.0,-8.0,0.0,1228.0,-5688.0,-11149.0,-10502.0,-6.0,-7.0,5.0,22.0,1.0,-9.0,7.0,21.0,2.1836934089660645
475,-24.0,77.0,-8.0,0.0,1228.0,-5688.0,-11149.0,-10502.0,-1.0,39.0,64.0,1.0,17.0,-2.0,0.0,-8.0,2.1905314922332764
476,-24.0,77.0,-8.0,0.0,1228.0,-5688.0,-11149.0,-10502.0,-5.0,-14.0,10.0,11.0,24.0,-11.0,12.0,12.0,2.198180913925171
477,-51.0,67.0,-80.0,0.0,1227.0,-5675.0,-11146.0,-10512.0,-5.0,-14.0,10.0,11.0,24.0,-11.0,12.0,12.0,2.200697183609009
478,-51.0,67.0,-80.0,0.0,1227.0,-5675.0,-11146.0,-10512.0,-3.0,-1.0,-46.0,15.0,-1.0,-7.0,-17.0,-3.0,2.204643964767456
479,-51.0,67.0,-80.0,0.0,1227.0,-5675.0,-11146.0,-10512.0,-9.0,-3.0,-13.0,-2.0,-2.0,11.0,-12.0,-1.0,2.2125370502471924
480,-14.0,79.0,-136.0,0.0,1225.0,-5655.0,-11153.0,-10517.0,-9.0,-3.0,-13.0,-2.0,-2.0,11.0,-12.0,-1.0,2.219961166381836
481,-14.0,79.0,-136.0,0.0,1225.0,-5655.0,-11153.0,-10517.0,-3.0,-10.0,-15.0,-11.0,-16.0,-35.0,-5.0,-13.0,2.228898525238037
482,-14.0,79.0,-136.0,0.0,1225.0,-5655.0,-11153.0,-10517.0,4.0,-4.0,-20.0,4.0,15.0,13.0,-15.0,-10.0,2.236863613128662
483,13.0,97.0,-172.0,0.0,1218.0,-5623.0,-11164.0,-10523.0,4.0,-4.0,-20.0,4.0,15.0,13.0,-15.0,-10.0,2.242445230484009
484,13.0,97.0,-172.0,0.0,1218.0,-5623.0,-11164.0,-10523.0,2.0,-5.0,-6.0,-9.0,-23.0,-2.0,7.0,22.0,2.2504663467407227
485,13.0,97.0,-172.0,0.0,1218.0,-5623.0,-11164.0,-10523.0,3.0,-9.0,-3.0,5.0,10.0,6.0,5.0,-8.0,2.258333206176758
486,43.0,143.0,-190.0,0.0,1217.0,-5581.0,-11176.0,-10532.0,3.0,-9.0,-3.0,5.0,10.0,6.0,5.0,-8.0,2.261063575744629
487,43.0,143.0,-190.0,0.0,1217.0,-5581.0,-11176.0,-10532.0,-15.0,1.0,13.0,1.0,4.0,0.0,0.0,4.0,2.264436960220337
488,43.0,143.0,-190.0,0.0,1217.0,-5581.0,-11176.0,-10532.0,9.0,-8.0,0.0,0.0,8.0,-9.0,-1.0,4.0,2.272311210632324
489,41.0,102.0,-166.0,0.0,1216.0,-5551.0,-11188.0,-10536.0,9.0,-8.0,0.0,0.0,8.0,-9.0,-1.0,4.0,2.2803401947021484
490,41.0,102.0,-166.0,0.0,1216.0,-5551.0,-11188.0,-10536.0,2.0,-1.0,-1.0,14.0,-8.0,-6.0,8.0,-8.0,2.287860631942749
491,41.0,102.0,-166.0,0.0,1216.0,-5551.0,-11188.0,-10536.0,3.0,13.0,-3.0,-8.0,12.0,6.0,5.0,-2.0,2.2954177856445312
492,65.0,87.0,-209.0,0.0,1210.0,-5518.0,-11207.0,-10533.0,3.0,13.0,-3.0,-8.0,12.0,6.0,5.0,-2.0,2.30256986618042
493,65.0,87.0,-209.0,0.0,1210.0,-5518.0,-11207.0,-10533.0,-2.0,-4.0,-15.0,-13.0,-17.0,-25.0,-21.0,1.0,2.310330867767334
494,65.0,87.0,-209.0,0.0,1210.0,-5518.0,-11207.0,-10533.0,1.0,1.0,11.0,1.0,17.0,13.0,0.0,-7.0,2.318080425262451
495,25.0,95.0,-242.0,0.0,1197.0,-5481.0,-11227.0,-10532.0,1.0,1.0,11.0,1.0,17.0,13.0,0.0,-7.0,2.320362091064453
496,25.0,95.0,-242.0,0.0,1197.0,-5481.0,-11227.0,-10532.0,-1.0,-6.0,4.0,-2.0,-2.0,-3.0,10.0,8.0,2.3256797790527344
497,25.0,95.0,-242.0,0.0,1197.0,-5481.0,-11227.0,-10532.0,5.0,29.0,35.0,-9.0,8.0,-7.0,9.0,12.0,2.332622766494751
498,0.0,68.0,-243.0,0.0,1180.0,-5449.0,-11246.0,-10531.0,5.0,29.0,35.0,-9.0,8.0,-7.0,9.0,12.0,2.3397977352142334
499,0.0,68.0,-243.0,0.0,1180.0,-5449.0,-11246.0,-10531.0,6.0,-8.0,-9.0,1.0,-1.0,-2.0,-10.0,-3.0,2.3470895290374756
